id	text	english
ui.welcome	به صحت خوش آمدید، کتاب صحت خانوادۀ شما. اگر دری می‌خواهید، دکمۀ دری را بزنید.	Welcome to Sehat, your family health book. Tap your language.
ui.home	این کتاب به شما کمک می‌کند از صحت خانوادۀ خود مراقبت کنید. اطفال یا بزرگسالان را انتخاب کنید. هر جا بلندگو را دیدید، بزنید تا بشنوید.	This book helps you look after your family's health. Choose children or adults. Wherever you see a speaker, tap it to listen.
ui.children	بخش اطفال. روی هر موضوع بزنید تا باز شود. بلندگو نام موضوع را می‌خواند.	Children's section. Tap a topic to open it. The speaker reads its name.
ui.adults	بخش بزرگسالان: صحت زنان، و علایم خطر و امراض عام برای همه.	Adults' section: women's health, and danger signs and common illnesses for everyone.
ui.family	اینجا کارت واکسین اطفال خود را نگه دارید. همه چیز فقط در همین گوشی می‌ماند.	Keep your children's vaccine card here. Everything stays on this phone only.
ui.disclaimer	این کتاب جای داکتر را نمی‌گیرد. در حالت خطر به نزدیک‌ترین کلینیک یا شفاخانه بروید.	This book does not replace a doctor. In danger, go to the nearest clinic or hospital.
ui.install	این کتاب را روی صفحۀ گوشی خود اضافه کنید تا بدون انترنت هم باز شود.	Add this book to your phone's home screen so it opens without internet.
ui.share	این کتاب را به خویشاوندان و همسایه‌ها بدهید. لینک را در واتساپ بفرستید.	Give this book to relatives and neighbours. Send the link on WhatsApp.
ui.women	صحت زنان: حاملگی، ولادت و بعد از ولادت.	Women's health: pregnancy, birth and after birth.
ui.everyone	برای همه، مردان و زنان: علایم خطر و امراض عام.	For everyone, men and women: danger signs and common illnesses.
ui.settings	تنظیمات: زبان، سرعت صدا، دانلود صداها و تازه کردن کتاب.	Settings: language, voice speed, downloading audio and updating the book.
ui.ask	چه مشکلی دارید؟ دکمۀ مایکروفون را بزنید و بگویید، یا بنویسید، یا یک تصویر را انتخاب کنید.	What is wrong? Tap the microphone and say it, or write it, or pick a picture.
ui.feedback	به ما بگویید چه چیزی را بهتر بسازیم. دکمۀ سرخ را بزنید و صحبت کنید، یا بنویسید.	Tell us what we can improve. Tap the red button and talk, or write.
ui.near	این صفحه نزدیک‌ترین شفاخانه و کلینیک را به شما نشان می‌دهد. جای خود را پیدا کنید.	This page shows the nearest hospital and clinic. Find where you are.
ui.voice	صدایی را که دوست دارید انتخاب کنید: صدای زن یا صدای مرد. برای شنیدن، دکمۀ بلندگو را بزنید.	Choose the voice you like: a woman's voice or a man's voice. Tap the speaker to listen.
ui.sendApp	این برنامه را با بلوتوث به تلفن خانواده و همسایه‌ها بفرستید. انترنت لازم نیست.	Send this app to your family's and neighbours' phones by Bluetooth. No internet needed.
ui.report	آیا کسی در خانهٔ شما همین حالا این مریضی را دارد؟	Does someone in your home have this now?
ui.district	در کجا زندگی می‌کنید؟ ولسوالی خود را انتخاب کنید. این فقط یک بار پرسیده می‌شود و در همین گوشی می‌ماند.	Where do you live? Choose your district. You are asked only once, and it stays on this phone.
ui.province	در کدام ولایت زندگی می‌کنید؟	Which province do you live in?
ui.ageGroup	مریض چند ساله است؟	How old is the sick person?
ui.reportThanks	تشکر. این به کارمندان صحی کمک می‌کند تا مریضی‌های واگیر را زود ببینند. این کسی را خبر نمی‌کند؛ اگر علایم خطر هست، همین حالا به شفاخانه بروید.	Thank you. This helps health workers see illnesses that spread early. It does not call anyone: if there are danger signs, go to hospital now.
ui.watch	اگر بگویید که کسی در خانه مریضی واگیر دارد، فقط نام مریضی، ولسوالی و گروه سنی فرستاده می‌شود. هیچ نامی فرستاده نمی‌شود. کارمندان صحی با این شمار، مریضی‌های واگیر را زود پیدا می‌کنند.	If you say that someone at home has an illness that spreads, only the illness, your district and an age group are sent. No names are sent. Health workers use these numbers to find outbreaks early.
ui.syn.measles	تب و دانه‌های سرخ در تمام بدن؛ شاید سرخکان باشد.	Fever and a red rash all over the body; it may be measles.
ui.syn.awd	سه بار یا بیشتر اسهال آبکی در یک روز، بدون خون.	Three or more watery stools in one day, with no blood.
ui.syn.bloody-diarrhoea	اسهال، و در مدفوع خون دیده می‌شود.	Diarrhoea, with blood in the stool.
ui.syn.ari	سرفه، همراه با نفس تیز یا نفس کشیدن به سختی.	Cough with fast or difficult breathing.
ui.syn.cchf	تب ناگهانی همراه با خونریزی از بینی، بیره یا زیر پوست.	Sudden fever with bleeding from the nose, gums or under the skin.
ui.syn.dog-bite	گزیدن یا پنجه زدن سگ یا حیوان دیگر.	A bite or scratch from a dog or another animal.
ui.syn.tb	سرفه ۲ هفته یا بیشتر.	A cough for 2 weeks or more.
ui.syn.jaundice	چشم یا پوست تازه زرد شده است (نه نوزاد).	Eyes or skin have recently turned yellow (not a newborn baby).
ui.syn.meningitis	تب همراه با شخی گردن.	Fever with a stiff neck.
ui.syn.leishmaniasis	زخم پوست که بعد از دو هفته جور نشده است.	A skin sore that has not healed after two weeks.
vaccines.title	واکسین‌ها	Vaccines
vaccines.lead	واکسین طفل شما را از مرض‌های خطرناک محافظت می‌کند. طفل شما تا ۲ سالگی ۶ بار باید برای واکسین برود.	Vaccines protect your child from serious diseases. Your child needs 6 vaccine visits before 2 years of age.
vaccines.birth	هنگام ولادت: واکسین بی سی جی، برای توبرکلوز (سل)؛ قطرهٔ پولیو، برای فلج اطفال (پولیو)؛ واکسین هپاتیت ب، برای هپاتیت ب، که یک مرض جگر است.	At birth: BCG, against tuberculosis (TB); Polio drops, against polio; Hepatitis B vaccine, against hepatitis B, a liver disease.
vaccines.6w	۶ هفتگی: واکسین پنتاوالان ۱، برای خناق، سیاه‌سرفه، تیتانوس، هپاتیت ب، و میکروب هیب که سینه‌بغل و مننژیت می‌آورد؛ قطرهٔ پولیو ۱، برای فلج اطفال (پولیو)؛ واکسین نوموکوک ۱، برای سینه‌بغل؛ قطرهٔ روتا ویروس ۱، برای اسهال شدید.	6 weeks: Pentavalent 1, against diphtheria, whooping cough, tetanus, hepatitis B, and Hib, a germ that causes pneumonia and meningitis; Polio drops 1, against polio; PCV 1 (pneumococcal), against pneumonia; Rotavirus drops 1, against severe diarrhoea.
vaccines.10w	۱۰ هفتگی: واکسین پنتاوالان ۲، برای خناق، سیاه‌سرفه، تیتانوس، هپاتیت ب، و میکروب هیب که سینه‌بغل و مننژیت می‌آورد؛ قطرهٔ پولیو ۲، برای فلج اطفال (پولیو)؛ واکسین نوموکوک ۲، برای سینه‌بغل؛ قطرهٔ روتا ویروس ۲، برای اسهال شدید.	10 weeks: Pentavalent 2, against diphtheria, whooping cough, tetanus, hepatitis B, and Hib, a germ that causes pneumonia and meningitis; Polio drops 2, against polio; PCV 2 (pneumococcal), against pneumonia; Rotavirus drops 2, against severe diarrhoea.
vaccines.14w	۱۴ هفتگی: واکسین پنتاوالان ۳، برای خناق، سیاه‌سرفه، تیتانوس، هپاتیت ب، و میکروب هیب که سینه‌بغل و مننژیت می‌آورد؛ قطرهٔ پولیو ۳، برای فلج اطفال (پولیو)؛ واکسین نوموکوک ۳، برای سینه‌بغل؛ پیچکاری پولیو ۱، برای فلج اطفال (پولیو).	14 weeks: Pentavalent 3, against diphtheria, whooping cough, tetanus, hepatitis B, and Hib, a germ that causes pneumonia and meningitis; Polio drops 3, against polio; PCV 3 (pneumococcal), against pneumonia; Polio injection 1 (IPV), against polio.
vaccines.9m	۹ ماهگی: واکسین سرخکان ۱، برای سرخکان؛ پیچکاری پولیو ۲، برای فلج اطفال (پولیو).	9 months: Measles 1, against measles; Polio injection 2 (IPV), against polio.
vaccines.18m	۱۸ ماهگی: واکسین سرخکان ۲، برای سرخکان.	18 months: Measles 2, against measles.
vaccines.free	واکسین در کلینیک‌های دولتی رایگان است.	Vaccines are free at government clinics.
vaccines.card	کارت واکسین را هر بار با خود ببرید و خوب نگه دارید.	Bring the vaccine card every time, and keep it safe.
vaccines.missed	اگر واکسینی مانده است، باز هم بروید؛ هیچ وقت دیر نیست. کارمند صحی واکسین‌هایی را که طفل هنوز لازم دارد، می‌دهد.	If a vaccine was missed, go anyway; it is never too late. The health worker will give the ones your child still needs.
vaccines.mild-illness	طفلی که زکام یا اسهال خفیف دارد، باز هم می‌تواند واکسین شود.	A child with a mild cold or mild diarrhoea can still have vaccines.
vaccines.normal	تب خفیف یا درد پا بعد از واکسین عادی است و در یکی دو روز خوب می‌شود.	A mild fever or a sore leg after a vaccine is normal, and gets better in a day or two.
vaccines.td	واکسین تیتانوس برای زنان هر زن ۱۵ تا ۴۹ ساله و هر زن حامله باید ۵ نوبت این واکسین را بگیرد. این واکسین مادر و نوزاد را از تیتانوس و خناق محافظت می‌کند.	Tetanus vaccine for women (Td) Every woman aged 15 to 49, and every pregnant woman, needs 5 doses. It protects her and her newborn baby from tetanus, and her from diphtheria.
danger-child.title	علایم خطر در اطفال	Danger signs in children
danger-child.lead	طفل مریض می‌تواند خیلی زود بدتر شود. اگر یکی از این علایم را دیدید، منتظر نمانید و همین حالا به شفاخانه بروید، شب باشد یا روز.	A sick child can get worse very fast. If you see any of these signs, do not wait: go to hospital now, day or night.
danger-child.urgent	اگر طفل یکی از این علایم را دارد، همین حالا به شفاخانه بروید، شب باشد یا روز	If your child has any of these signs, go to hospital now, day or night:
danger-child.urgent.drink	نمی‌تواند چیزی بنوشد یا شیر مادر بخورد	cannot drink or breastfeed
danger-child.urgent.vomit	هر چه می‌خورد یا می‌نوشد، استفراغ می‌کند	vomits everything, cannot keep anything down
danger-child.urgent.convulsion	تشنج کرده یا حالا تشنج دارد	has had convulsions (fits), or has them now
danger-child.urgent.sleepy	خیلی خواب‌آلود است و به سختی بیدار می‌شود، یا بی‌هوش است	is very sleepy and hard to wake, or unconscious
danger-child.urgent.breathing	تیز تیز یا به سختی نفس می‌کشد	breathes fast or with difficulty
danger-child.urgent.chest	وقت نفس کشیدن، پایین سینه‌اش به داخل کشیده می‌شود	the lower chest pulls in when breathing in
danger-child.young	اگر طفل کمتر از ۲ ماهه یکی از این علایم را دارد، همین حالا به شفاخانه بروید، شب باشد یا روز	Baby under 2 months: go to hospital now, day or night, if the baby:
danger-child.young.feed	خوب شیر نمی‌خورد یا شیر خوردن را بس کرده است	is not feeding well, or has stopped feeding
danger-child.young.convulsion	تشنج می‌کند	has convulsions (fits)
danger-child.young.breathing	تیز تیز نفس می‌کشد: ۶۰ بار یا بیشتر در یک دقیقه	breathes fast: 60 or more breaths a minute
danger-child.young.chest	وقت نفس کشیدن، پایین سینه‌اش سخت به داخل کشیده می‌شود	the lower chest pulls in strongly when breathing in
danger-child.young.temperature	تب دارد، یا بدنش سرد است	has a fever, or the body feels cold
danger-child.young.move	فقط وقتی تکانش بدهید حرکت می‌کند، یا هیچ حرکت نمی‌کند	moves only when touched, or does not move at all
danger-child.young.yellow	کف دست و پایش زرد است، یا در روز اول زرد شده	has yellow palms and soles, or turned yellow on the first day
danger-child.soon	اگر طفل یکی از این علایم را دارد، امروز به کلینیک بروید	If your child has any of these signs, go to the clinic today:
danger-child.soon.worse	بهتر نمی‌شود یا بدتر می‌شود	is not getting better, or is getting worse
danger-child.soon.fever	بیشتر از ۲ روز است که تب دارد	has had a fever for more than 2 days
danger-child.soon.blood	در مدفوعش خون دیده می‌شود	has blood in the stool
danger-child.soon.drinking	کم می‌نوشد یا کم می‌خورد	is drinking or eating poorly
danger-child.breastfeed	در راه شیر بدهید. اگر طفل می‌تواند بنوشد، در راه بار بار شیر بدهید.	Keep breastfeeding on the way. If the child can drink, breastfeed often on the way.
danger-child.warm	طفل کوچک را گرم نگه دارید. طفل کوچک را پوست به پوست روی سینهٔ مادر بگذارید. هر دو را با کمپل بپوشانید و سرش را هم بپوشانید.	Keep a young baby warm. Hold a young baby skin to skin on the mother's chest. Cover you both with a blanket, and cover the baby's head.
danger-child.ors	اسهال: او آر اس بدهید. اگر طفل اسهال دارد و می‌تواند بنوشد، در راه کم‌کم او آر اس بدهید.	Diarrhoea: give sips of ORS. If the child has diarrhoea and can drink, give small sips of ORS on the way.
danger-child.plan	از پیش آماده باشید. بدانید نزدیک‌ترین شفاخانه کجاست و چطور به آنجا بروید. پول و شمارهٔ تلفن کسی را که موتر دارد، آماده داشته باشید.	Plan before it happens. Know where the nearest hospital is and how to get there. Keep money and the phone number of someone with a car ready.
danger-child.card	کارت طفل را ببرید. کارت صحی طفل و هر دوایی را که خورده است، با خود ببرید.	Take the child's card. Take the child's health card and any medicines the child has had.
newborn.title	مراقبت از نوزاد	Newborn care
newborn.lead	روزهای اول زندگی خطرناک‌ترین روزها است. طفل را گرم نگه دارید، زیاد شیر بدهید و علایم خطر را بشناسید.	The first days of life are the most dangerous. Keep the baby warm, breastfeed often, and know the danger signs.
newborn.warm	خشک کنید و پوست به پوست بگیرید. طفل را فوراً خشک کنید و روی سینهٔ برهنهٔ مادر بگذارید. هر دو را با تکهٔ گرم بپوشانید.	Dry the baby, hold skin to skin. Dry the baby at once and lay the baby on the mother's bare chest. Cover them both with a warm cloth.
newborn.breastfeed	در ساعت اول شیر بدهید. در ساعت اول بعد از ولادت شیردهی را شروع کنید. بعد هر وقت طفل خواست، شب و روز شیر بدهید.	Breastfeed in the first hour. Start breastfeeding within one hour of birth. Then feed whenever the baby wants, day and night.
newborn.bath	یک روز صبر کنید، بعد بشویید. طفل را تا ۲۴ ساعت بعد از ولادت نشویید. بعد با آب گرم بشویید و زود خشک کنید.	Wait a day before the bath. Do not wash the baby for the first 24 hours. Then use warm water and dry the baby quickly.
newborn.cord	ناف را پاک و خشک نگه دارید. روی ناف هیچ چیز نگذارید. فقط دوایی را بمالید که کارمند صحی داده است.	Keep the cord clean and dry. Put nothing on the cord. Use only the medicine the health worker gives you.
newborn.vaccines	واکسین‌های ولادت. طفل باید واکسین توبرکلوز، قطرهٔ پولیو و واکسین هپاتیت ب را بگیرد. اگر در خانه به دنیا آمده، هر چه زودتر به کلینیک ببرید.	Birth vaccines. The baby needs the TB vaccine, polio drops and hepatitis B vaccine. If born at home, go to the clinic as soon as you can.
newborn.checks	چهار معاینه برای مادر و طفل. در روز اول، روز سوم، بین روز ۷ و ۱۴، و در ۶ هفتگی برای معاینه بروید.	Four checks for mother and baby. Go for checks on the first day, on day 3, between day 7 and 14, and at 6 weeks.
newborn.small	طفل کوچک مراقبت بیشتر می‌خواهد. طفل کوچک یا کم‌وزن را شب و روز پوست به پوست روی سینهٔ مادر نگه دارید. پدر یا مادرکلان هم می‌توانند کمک کنند.	Small babies need extra care. Keep a small baby skin to skin on the mother's chest, day and night. The father or grandmother can help too.
newborn.urgent	اگر نوزاد یکی از این علایم را دارد، همین حالا به شفاخانه بروید، شب باشد یا روز	If your newborn has any of these signs, go to hospital now, day or night:
newborn.urgent.feed	خوب شیر نمی‌خورد یا شیر خوردن را بس کرده است	is not feeding well, or has stopped feeding
newborn.urgent.convulsion	تشنج می‌کند	has convulsions (fits)
newborn.urgent.breathing	تیز تیز یا به سختی نفس می‌کشد	breathes fast or with difficulty
newborn.urgent.chest	وقت نفس کشیدن، پایین سینه‌اش سخت به داخل کشیده می‌شود	the lower chest pulls in strongly when breathing in
newborn.urgent.temperature	بدنش داغ است، یا سرد است	feels hot, or feels cold to touch
newborn.urgent.move	فقط وقتی تکانش بدهید حرکت می‌کند، یا هیچ حرکت نمی‌کند	moves only when touched, or does not move at all
newborn.urgent.yellow	در روز اول زرد شده، یا کف دست و پایش زرد است	is yellow on the first day, or has yellow palms and soles
newborn.soon	اگر نوزاد یکی از این علایم را دارد، امروز به کلینیک بروید	If your newborn has any of these signs, go to the clinic today:
newborn.soon.cord	نافش سرخ است، بوی بد می‌دهد یا چرک دارد	the cord is red, smells bad or has pus
newborn.soon.eyes	از چشمانش چرک می‌آید	has pus coming from the eyes
newborn.soon.skin	روی پوستش دانه‌های چرکی دارد	has spots with pus on the skin
newborn.soon.yellow	پوست یا چشمانش زرد شده است	the skin or eyes look yellow
newborn.jaundice	برای دیدن زردی، طفل را در روشنی روز ببینید. پوست پیشانی را آهسته فشار دهید و وقتی رها کردید، رنگش را ببینید.	To check for yellow skin, look in daylight. Press the skin of the forehead gently, and look at the colour as you let go.
breastfeeding.title	شیر مادر و غذای طفل	Breastfeeding and food
breastfeeding.lead	شیر مادر بهترین غذا و نوشیدنی برای طفل شما است. طفل را از اسهال و سینه‌بغل محافظت می‌کند.	Breast milk is the best food and drink for your baby. It protects the baby from diarrhoea and pneumonia.
breastfeeding.first-hour	در ساعت اول شروع کنید. طفل را در ساعت اول بعد از ولادت به سینه بگذارید. شیر زرد اول مثل اولین واکسین طفل است؛ همه‌اش را بدهید.	Start in the first hour. Put the baby to the breast within one hour of birth. The first yellow milk is like the baby's first vaccine; give all of it.
breastfeeding.only	تا ۶ ماه فقط شیر مادر. آب، چای یا هیچ غذای دیگر ندهید. شیر مادر همهٔ آبی را که طفل لازم دارد، دارد، حتی در گرمی.	Only breast milk for 6 months. Give no water, tea or any other food or drink. Breast milk has all the water the baby needs, even in hot weather.
breastfeeding.often	شب و روز شیر بدهید. در شبانه‌روز ۸ تا ۱۲ بار، هر وقت طفل خواست، شیر بدهید. هر چه طفل بیشتر شیر بخورد، شیر بیشتر می‌آید.	Feed day and night. Breastfeed 8 to 12 times in a day and night, whenever the baby wants. The more the baby feeds, the more milk comes.
breastfeeding.attach	طفل را درست به سینه بگذارید. تمام بدن طفل را نزدیک و رو به سینه بگیرید. دهانش کاملاً باز باشد و بیشتر قسمت تیرهٔ دور نوک سینه را بگیرد.	Help the baby attach well. Hold the baby's whole body close, facing the breast. The mouth opens wide and takes in most of the dark skin around the nipple.
breastfeeding.food	از ۶ ماهگی غذای نرم هم بدهید. لیتی یا شولهٔ غلیظ، ترکاری پخته و کوبیده، تخم مرغ، دال و گوشت نرم بدهید. شیر مادر را تا ۲ سالگی یا بیشتر ادامه دهید.	From 6 months, add soft food. Give thick porridge, mashed cooked vegetables, egg, lentils and soft meat. Keep breastfeeding to 2 years or more.
breastfeeding.meals	روزانه چند بار غذا. از ۶ تا ۸ ماهگی، روزی ۲ تا ۳ بار غذا بدهید. از ۹ ماهگی، روزی ۳ تا ۴ بار غذا و ۱ تا ۲ بار خوراک سبک بدهید.	How many meals a day. From 6 to 8 months, give 2 to 3 meals a day. From 9 months, give 3 to 4 meals and 1 to 2 snacks a day.
breastfeeding.clean	دست و ظرف پاک. پیش از پختن غذا و غذا دادن، دست‌ها را با صابون بشویید. از پیاله و قاشق پاک استفاده کنید.	Clean hands and dishes. Wash your hands with soap before cooking and feeding. Use a clean cup and spoon.
breastfeeding.dont	این کارها را نکنید:	Do not do these things:
breastfeeding.dont.first-milk	شیر زرد اول را دور نریزید.	Do not throw away the first yellow milk.
breastfeeding.dont.prelacteal	به نوزاد روغن زرد، آب بوره، چای یا عسل ندهید.	Do not give a newborn ghee, sugar water, tea or honey.
breastfeeding.dont.animal-milk	پیش از ۶ ماهگی شیر گاو یا بز ندهید.	Do not give cow's or goat's milk before 6 months.
breastfeeding.dont.bottle	از بوتل استفاده نکنید؛ اگر لازم شد، پیالهٔ پاک بکار ببرید.	Do not use a feeding bottle; if needed, use a clean cup.
breastfeeding.dont.sick	وقتی مادر یا طفل مریض است، شیردهی را بس نکنید.	Do not stop breastfeeding when the mother or baby is sick.
breastfeeding.illness	وقتی طفل مریض است، بیشتر شیر بدهید. بعد از مریضی، تا وقتی که کاملاً خوب شود، بیشتر از معمول غذا بدهید.	When the child is sick, breastfeed more often. After the illness, give more food than usual until the child is fully well.
diarrhoea.title	اسهال و او آر اس	Diarrhoea and ORS
diarrhoea.lead	اسهال می‌تواند بدن طفل را خیلی زود بی‌آب کند. او آر اس و زنک بدهید و شیر و غذا را ادامه دهید.	Diarrhoea can dry out a child's body very fast. Give ORS and zinc, and keep breastfeeding and feeding.
diarrhoea.mix	او آر اس را درست آماده کنید. یک پاکت را در یک لیتر آب پاک حل کنید. هر روز تازه بسازید و باقی‌مانده را روز بعد دور بریزید.	Mix ORS the right way. Mix one packet in one litre of clean water. Make it fresh each day and throw away what is left the next day.
diarrhoea.give	بعد از هر اسهال، او آر اس بدهید. به طفل زیر ۲ سال ۵۰ تا ۱۰۰ میلی‌لیتر، و به طفل ۲ سال و بالاتر ۱۰۰ تا ۲۰۰ میلی‌لیتر بدهید. با پیاله، کم‌کم بدهید.	Give ORS after each loose stool. Under 2 years, give 50 to 100 ml; 2 years and over, give 100 to 200 ml. Give small sips from a cup.
diarrhoea.zinc	۱۰ تا ۱۴ روز زنک بدهید. به طفل زیر ۶ ماه روزانه ۱۰ میلی‌گرام، و از ۶ ماهگی روزانه ۲۰ میلی‌گرام بدهید. حتی وقتی اسهال بند شد، ادامه دهید.	Give zinc for 10 to 14 days. Under 6 months, give 10 mg a day; from 6 months, give 20 mg a day. Keep giving it even after the diarrhoea stops.
diarrhoea.feed	شیر و غذا را ادامه دهید. بیشتر و طولانی‌تر شیر بدهید. غذای نرم، شوربا و آب برنج هم بدهید.	Keep breastfeeding and feeding. Breastfeed more often and for longer. Also give soft food, soup and rice water.
diarrhoea.prevent	از اسهال جلوگیری کنید. بعد از تشناب و پیش از غذا، دست‌ها را با صابون بشویید. آب پاک یا جوش‌داده بنوشید و واکسین روتا ویروس را بگیرید.	Stop diarrhoea before it starts. Wash hands with soap after the toilet and before food. Drink clean or boiled water, and get the rotavirus vaccine.
diarrhoea.urgent	اگر طفل یکی از این علایم را دارد، همین حالا به شفاخانه بروید، شب باشد یا روز	If your child has any of these signs, go to hospital now, day or night:
diarrhoea.urgent.drink	نمی‌تواند چیزی بنوشد یا شیر مادر بخورد	cannot drink or breastfeed
diarrhoea.urgent.vomit	هر چه می‌خورد یا می‌نوشد، استفراغ می‌کند	vomits everything, cannot keep anything down
diarrhoea.urgent.sleepy	خیلی خواب‌آلود است و به سختی بیدار می‌شود، یا بی‌هوش است	is very sleepy and hard to wake, or unconscious
diarrhoea.urgent.eyes	چشمانش گود رفته است	has sunken eyes
diarrhoea.urgent.skin	پوست شکمش را که بگیرید و رها کنید، خیلی آهسته برمی‌گردد	pinched skin on the belly goes back very slowly
diarrhoea.soon	اگر طفل یکی از این علایم را دارد، امروز به کلینیک بروید	If your child has any of these signs, go to the clinic today:
diarrhoea.soon.blood	در مدفوعش خون دیده می‌شود	has blood in the stool
diarrhoea.soon.long	۱۴ روز یا بیشتر است که اسهال دارد	has had diarrhoea for 14 days or more
diarrhoea.soon.worse	بهتر نمی‌شود یا بدتر می‌شود	is not getting better, or is getting worse
diarrhoea.soon.fever	تب کرده است	has started to have a fever
diarrhoea.dont	این کارها را نکنید:	Do not do these things:
diarrhoea.dont.stop-food	شیر مادر یا غذا را بند نکنید.	Do not stop breastfeeding or food.
diarrhoea.dont.medicine	دوا برای بند کردن اسهال ندهید؛ برای طفل ضرر دارد.	Do not give medicines to stop diarrhoea; they can harm children.
diarrhoea.dont.antibiotic	انتی‌بیوتیک ندهید، مگر اینکه کلینیک داده باشد.	Do not give antibiotics unless the clinic gives them.
diarrhoea.vomit	اگر طفل استفراغ کرد، ۱۰ دقیقه صبر کنید. بعد دوباره او آر اس بدهید، اما آهسته‌تر.	If the child vomits, wait 10 minutes. Then give ORS again, but more slowly.
cough.title	سرفه، زکام و سینه‌بغل	Cough, cold and pneumonia
cough.lead	بیشتر سرفه‌ها و زکام‌ها در خانه خوب می‌شوند. اما نفس تیز یا مشکل می‌تواند علامت سینه‌بغل باشد و زود به داکتر نیاز دارد.	Most coughs and colds get better at home. But fast or difficult breathing can be a sign of pneumonia, which needs a health worker quickly.
cough.feed	غذا و مایعات را ادامه دهید. بیشتر شیر بدهید. به اطفال بزرگ‌تر مایعات بیشتر و غذای نرم بدهید.	Keep feeding and give drinks. Breastfeed more often. Give older children extra drinks and soft food.
cough.soothe	گلو و بینی را آرام کنید. نوشیدنی گرم بدهید؛ عسل فقط برای اطفال بالای ۱ سال. بینی بسته را با تکهٔ نرم و تر آهسته پاک کنید.	Soothe the throat, clear the nose. Give warm drinks; honey only for children over 1 year. Clean a blocked nose gently with a soft, wet cloth.
cough.smoke	طفل را از دود دور نگه دارید. اطفال را از بخاری و دود آشپزی دور نگه دارید. در داخل خانه سگرت نکشید.	Keep children away from smoke. Keep children away from the stove and cooking smoke. Do not smoke inside the house.
cough.watch	نفس طفل را ببینید. وقتی طفل آرام است، یک دقیقهٔ کامل بشمارید که چند بار نفس می‌کشد. ببینید پایین سینه به داخل کشیده می‌شود یا نه.	Watch the breathing. When the child is calm, count the breaths for one full minute. Look to see if the lower chest pulls in.
cough.fast-breathing	نفس تیز یعنی: زیر ۲ ماه، ۶۰ بار یا بیشتر در یک دقیقه؛ از ۲ تا ۱۲ ماه، ۵۰ بار یا بیشتر؛ از ۱ تا ۵ سال، ۴۰ بار یا بیشتر.	Fast breathing is: under 2 months, 60 or more breaths a minute; 2 to 12 months, 50 or more; 1 to 5 years, 40 or more.
cough.vaccines	واکسین از سینه‌بغل محافظت می‌کند. واکسین‌های سینه‌بغل، سیاه‌سرفه و سرخکان، شش‌ها را محافظت می‌کنند. همهٔ واکسین‌های طفل را تکمیل کنید.	Vaccines protect against pneumonia. Vaccines against pneumonia, whooping cough and measles protect the lungs. Make sure your child has all their vaccines.
cough.urgent	اگر طفل یکی از این علایم را دارد، همین حالا به شفاخانه بروید، شب باشد یا روز	If your child has any of these signs, go to hospital now, day or night:
cough.urgent.breathing	تیز تیز یا به سختی نفس می‌کشد	breathes fast or with difficulty
cough.urgent.chest	وقت نفس کشیدن، پایین سینه‌اش به داخل کشیده می‌شود	the lower chest pulls in when breathing in
cough.urgent.noise	در حالت آرام، وقت نفس کشیدن صدای خشن می‌دهد	makes a harsh noise breathing in, even when calm
cough.urgent.drink	نمی‌تواند چیزی بنوشد یا شیر مادر بخورد	cannot drink or breastfeed
cough.urgent.sleepy	خیلی خواب‌آلود است و به سختی بیدار می‌شود، یا بی‌هوش است	is very sleepy and hard to wake, or unconscious
cough.urgent.convulsion	تشنج کرده یا حالا تشنج دارد	has had convulsions (fits), or has them now
cough.soon	اگر طفل یکی از این علایم را دارد، امروز به کلینیک بروید	If your child has any of these signs, go to the clinic today:
cough.soon.long	بیشتر از ۲ هفته سرفه دارد؛ باید برای توبرکلوز معاینه شود	has coughed for more than 2 weeks; needs a TB check
cough.soon.wheeze	وقت بیرون دادن نفس، صدای سوت می‌دهد	makes a whistling sound when breathing out
cough.soon.fever	بیشتر از ۲ روز است که تب دارد	has had a fever for more than 2 days
cough.soon.worse	بهتر نمی‌شود یا بدتر می‌شود	is not getting better, or is getting worse
cough.dont	این کارها را نکنید:	Do not do these things:
cough.dont.medicine	به نوزاد و طفل کوچک شربت سرفه ندهید.	Do not give cough medicines to babies and young children.
cough.dont.antibiotic	برای زکام انتی‌بیوتیک ندهید، مگر اینکه کلینیک داده باشد.	Do not give antibiotics for a cold unless the clinic gives them.
fever.title	تب	Fever
fever.lead	تب یعنی بدن داغ است، چون با یک مرض می‌جنگد. طفل را خوب زیر نظر بگیرید و علایم خطر را بشناسید.	Fever means the body is hot because it is fighting an illness. Watch your child closely and know the danger signs.
fever.check	چطور بفهمید طفل تب دارد. با پشت دست، شکم یا گردن طفل را لمس کنید. اگر ترمامتر دارید، ۳۷ و نیم درجه یا بیشتر تب است.	How to tell if there is fever. Feel the belly or neck with the back of your hand. If you have a thermometer, 37.5 degrees or more is a fever.
fever.fluids	مایعات بیشتر بدهید. بیشتر شیر بدهید. به اطفال بزرگ‌تر آب و مایعات دیگر بدهید و غذا دادن را ادامه دهید.	Give more to drink. Breastfeed more often. Give older children water and other drinks, and keep giving food.
fever.clothes	لباس سبک بپوشانید. لباس سبک و یک تکهٔ نازک کافی است. طفل را در کمپل‌های ضخیم نپیچانید.	Dress the child lightly. Light clothes and a thin cloth are enough. Do not wrap the child in heavy blankets.
fever.medicine	دوا فقط از کلینیک. فقط دوایی را بدهید که کارمند صحی داده، همان طور که گفته است. هرگز اسپرین به طفل ندهید.	Medicine only from the clinic. Give only the medicine the health worker gives you, the way they explain. Never give aspirin to children.
fever.urgent	اگر طفل یکی از این علایم را دارد، همین حالا به شفاخانه بروید، شب باشد یا روز	If your child has any of these signs, go to hospital now, day or night:
fever.urgent.baby	کمتر از ۲ ماه عمر دارد و تب دارد	is under 2 months old and has any fever
fever.urgent.convulsion	تشنج کرده یا حالا تشنج دارد	has had convulsions (fits), or has them now
fever.urgent.neck	گردنش شخ است	has a stiff neck
fever.urgent.sleepy	خیلی خواب‌آلود است و به سختی بیدار می‌شود، یا بی‌هوش است	is very sleepy and hard to wake, or unconscious
fever.urgent.drink	نمی‌تواند چیزی بنوشد یا شیر مادر بخورد	cannot drink or breastfeed
fever.urgent.vomit	هر چه می‌خورد یا می‌نوشد، استفراغ می‌کند	vomits everything, cannot keep anything down
fever.urgent.rash	روی پوستش لکه‌های بنفش یا تیره پیدا شده	has purple or dark spots on the skin
fever.soon	اگر طفل یکی از این علایم را دارد، امروز به کلینیک بروید	If your child has any of these signs, go to the clinic today:
fever.soon.days	بیشتر از ۲ روز است که تب دارد	has had a fever for more than 2 days
fever.soon.measles	تب و دانه‌های سرخ در تمام بدن دارد؛ شاید سرخکان باشد	has fever and a red rash all over; it may be measles
fever.soon.ear	گوشش درد می‌کند یا از گوشش چرک می‌آید	has ear pain or pus coming from the ear
fever.soon.urine	وقت پیشاب کردن درد دارد یا گریه می‌کند	has pain or cries when passing urine
fever.measles	سرخکان زود سرایت می‌کند. طفل دارای دانه را از نوزادان و زنان حامله دور نگه دارید، و همهٔ اطفال را واکسین سرخکان کنید.	Measles spreads fast. Keep a child with a rash away from babies and pregnant women, and get every child the measles vaccine.
measles.title	سرخکان: مراقبت در خانه	Measles: care at home
measles.lead	سرخکان با تب، سرفه، آب‌ریزش بینی و سرخی چشم شروع می‌شود، بعد دانه‌های سرخ از روی به تمام بدن پهن می‌شود. سرخکان می‌تواند سینه‌بغل، اسهال و کوری بیاورد، پس طفل به مراقبت کلینیک و خانه ضرورت دارد.	Measles starts with fever, cough, runny nose and red eyes, then a red rash spreads from the face to the whole body. It can cause pneumonia, diarrhoea and blindness, so the child needs care from the clinic and at home.
measles.clinic	طفل را به کلینیک ببرید. کارمند صحی طفل را معاینه می‌کند و ویتامین الف می‌دهد. ویتامین الف چشم‌ها را حفاظت می‌کند و به جور شدن طفل کمک می‌کند.	Take the child to the clinic. The health worker will check the child and give vitamin A. Vitamin A protects the eyes and helps the child get better.
measles.feed	شیردهی و غذا را ادامه دهید. طفل را بیشتر شیر بدهید و در روز چند بار غذای کم‌کم بدهید. آب و مایعات زیاد مثل شوربا بدهید.	Keep breastfeeding and feeding. Breastfeed more often and give small meals many times a day. Give plenty to drink, such as water and soup.
measles.eyes	چشم‌ها را آرام پاک کنید. چشم‌ها را با تکهٔ پاک و آب جوشانده‌شده و سردشده پاک کنید. برای هر چشم یک جای پاک تکه را استفاده کنید.	Clean the eyes gently. Wipe the eyes with a clean cloth and boiled, cooled water. Use a clean part of the cloth for each eye.
measles.others	دیگران را حفاظت کنید. سرخکان به آسانی سرایت می‌کند. نوزادان و زنان حامله را از طفل مریض دور نگه دارید.	Protect other people. Measles spreads very easily. Keep newborn babies and pregnant women away from the sick child.
measles.vaccine	دو واکسین طفل را حفاظت می‌کند. هر طفل در ۹ ماهگی و ۱۸ ماهگی واکسین سرخکان می‌گیرد. خواهر و برادرهای طفل را هم برای واکسین ببرید.	Two vaccines protect the child. Every child gets measles vaccine at 9 months and 18 months. Take the sick child's brothers and sisters for their vaccine too.
measles.urgent	اگر طفل مبتلا به سرخکان این علایم را دارد، همین حالا به شفاخانه بروید، شب باشد یا روز:	Go to hospital now, day or night, if the child with measles:
measles.urgent.breathing	تند یا به سختی نفس می‌کشد	breathes fast or with difficulty
measles.urgent.drink	نمی‌تواند چیزی بنوشد یا شیر بخورد	cannot drink or breastfeed
measles.urgent.convulsion	تشنج می‌کند	has fits (convulsions)
measles.urgent.sleepy	خیلی خواب‌آلود است یا به سختی بیدار می‌شود	is very sleepy or hard to wake
measles.urgent.cloudy-eye	سیاهی چشمش خیره یا سفید شده است	has a white or cloudy patch on the eye
measles.urgent.mouth	زخم‌های عمیق در دهان دارد و نمی‌تواند غذا بخورد	has deep mouth sores and cannot eat
measles.soon	اگر طفل مبتلا به سرخکان این علایم را دارد، امروز به کلینیک بروید:	Go to the clinic today if the child with measles:
measles.soon.pus	از چشم‌هایش چرک می‌آید	has pus coming from the eyes
measles.soon.mouth	در دهانش زخم دارد	has sores in the mouth
measles.soon.diarrhoea	اسهال دارد	has diarrhoea
measles.soon.fever	سه روز بعد از برآمدن دانه‌ها هنوز تب دارد	still has fever three days after the rash began
measles.dont	این کارها را نکنید:	Do not:
measles.dont.stop-food	شیر یا غذای طفل را قطع نکنید	stop breastfeeding or food
measles.dont.eyes	سرمه، دوای گیاهی یا چیز دیگر در چشم‌ها نریزید	put kohl, herbs or anything else in the eyes
measles.after	بعد از سرخکان طفل تا چند هفته ضعیف می‌ماند. غذای بیشتر بدهید و رشد او را نظارت کنید.	After measles a child stays weak for some weeks. Give extra food and watch the child's growth.
growth.title	رشد و انکشاف طفل	Growth and development
growth.lead	طفل صحتمند هر ماه بزرگ‌تر می‌شود و چیزهای تازه یاد می‌گیرد. وزن کردن، بازی و گپ زدن به شما کمک می‌کند ببینید طفل خوب رشد می‌کند.	A healthy child grows and learns new things every month. Weighing, playing and talking help you see that your child is growing well.
growth.weigh	طفل را هر ماه وزن کنید. طفل را هر ماه برای وزن کردن به کلینیک ببرید، مخصوصاً در ۲ سال اول. کارت رشد را نگه دارید و هر بار با خود ببرید.	Weigh your child every month. Take your child to the clinic to be weighed every month, especially in the first 2 years. Keep the growth card and bring it every time.
growth.early	ماه‌های اول: چه ببینید. بیشتر اطفال حدود ۶ هفتگی می‌خندند، تا ۳ یا ۴ ماهگی سر خود را نگه می‌دارند، و تا ۶ یا ۸ ماهگی می‌نشینند.	First months: what to expect. Most babies smile at about 6 weeks, hold up their head by 3 to 4 months, and sit by 6 to 8 months.
growth.later	سال‌های اول: چه ببینید. بیشتر اطفال حدود ۱۲ ماهگی اولین کلمه‌ها را می‌گویند، بین ۱۲ تا ۱۸ ماهگی راه می‌روند، و تا ۲ سالگی جمله‌های کوتاه می‌گویند.	First years: what to expect. Most children say first words at about 12 months, walk between 12 and 18 months, and say short sentences by 2 years.
growth.play	هر روز بازی کنید و گپ بزنید. از روز ولادت، هر روز با طفل گپ بزنید، لالایی بخوانید و بازی کنید. پدر، پدرکلان و مادرکلان هم کمک کنند.	Play and talk every day. From birth, talk, sing and play with your baby every day. Fathers and grandparents can help too.
growth.vitamin-a	ویتامین ای و دوای ضد کرم. کلینیک از ۶ ماهگی ویتامین ای، و از ۱ سالگی دوای ضد کرم می‌دهد. از کارمند صحی بپرسید چه وقت بگیرید.	Vitamin A and worm medicine. From 6 months the clinic gives vitamin A, and from 1 year worm medicine. Ask the health worker when they are due.
growth.urgent	اگر طفل یکی از این علایم را دارد، همین حالا به شفاخانه بروید، شب باشد یا روز	If your child has any of these signs, go to hospital now, day or night:
growth.urgent.feet	هر دو پایش پندیده است	has swelling of both feet
growth.urgent.thin	خیلی لاغر و ضعیف است	is very thin and weak
growth.urgent.eat	هیچ چیز نمی‌خورد یا نمی‌نوشد	will not eat or drink anything
growth.soon	اگر یکی از این علایم را دیدید، همین هفته به کلینیک بروید	If you see any of these signs, go to the clinic this week:
growth.soon.weight	وزنش زیاد نمی‌شود یا کم می‌شود	is not gaining weight, or is losing weight
growth.soon.milestones	در نشستن، راه رفتن یا گپ زدن از اطفال هم‌سن خیلی عقب است	is far behind other children of the same age
growth.soon.see	به نظر می‌رسد خوب نمی‌بیند	does not seem to see well
growth.soon.hear	به صدا یا آواز شما رو نمی‌گرداند	does not turn to sounds or to your voice
growth.food	طفلی که خوب وزن نمی‌گیرد، به وعده‌های بیشتر غذا و شیر مادر نیاز دارد. از کارمند صحی مشوره بگیرید.	A child who is not gaining weight needs more meals and breast milk. Ask the health worker for advice.
child-safety.title	اطفال را از حادثه حفاظت کنید	Keep children safe from injury
child-safety.lead	اطفال هر روز غرق می‌شوند، می‌افتند، می‌سوزند یا مسموم می‌شوند، اکثراً نزدیک خانه. چند تغییر ساده و نظارت دقیق بر اطفال خورد بیشتر این حادثه‌ها را جلوگیری می‌کند.	Every day children drown, fall, get burned or are poisoned, often close to home. A few simple changes and watching small children closely prevent most of these injuries.
child-safety.water	آب را بپوشانید و اطفال را نظارت کنید. چاه، ذخیرهٔ آب و سطل را بپوشانید. طفل خورد را حتی یک دقیقه تنها نزدیک دریا، جوی یا حوض نگذارید.	Cover water and watch children. Cover wells, water tanks and buckets. Never leave a small child alone near a river, canal or pond, even for a minute.
child-safety.fire	آتش و چیزهای داغ را دور نگه دارید. اطفال را از تنور، بخاری، صندلی و دیگ‌های داغ دور نگه دارید. دستهٔ دیگ را به داخل بچرخانید و گوگرد را بلند بگذارید.	Keep fire and hot things away. Keep children away from the tandoor, stove, sandali and hot pots. Turn pot handles inwards and keep matches up high.
child-safety.roof	از افتادن از بام جلوگیری کنید. دور بام‌های هموار و زینه‌ها دیوار کوتاه یا کتاره بسازید. نگذارید اطفال خورد روی بام بی‌دیوار بازی کنند یا بخوابند.	Prevent falls from roofs. Build a low wall or rail around flat roofs and stairs. Do not let small children play or sleep on a roof with no wall.
child-safety.poison	زهر و دوا را قفل کنید. دوا، تیل خاک، زهر موش و دوای زراعتی را بلند و قفل‌شده نگه دارید. هرگز آن‌ها را در بوتل نوشیدنی یا غذا نریزید.	Lock away poisons and medicines. Keep medicines, kerosene, rat poison and farm sprays high and locked away. Never put them in drink or food bottles.
child-safety.metal	به چیز فلزی ناشناخته دست نزنید. به اطفال بیاموزید که به چیزهای فلزی ناشناخته در زمین یا خرابه‌ها دست نزنند. دور شوند و به بزرگان بگویند.	Never touch strange metal objects. Teach children not to touch unknown metal objects in fields or ruins. They should move away and tell an adult.
child-safety.road	اطفال را از سرک دور نگه دارید. نزدیک سرک دست اطفال خورد را بگیرید. اطفال نباید روی سرک یا کنار آن بازی کنند.	Keep children away from the road. Hold small children's hands near the road. Children should never play on the road or beside it.
child-safety.urgent	اگر طفل این حالت را دارد، همین حالا به شفاخانه بروید، شب باشد یا روز:	Go to hospital now, day or night, if the child:
child-safety.urgent.water	از آب بیرون کشیده شده، حتی اگر خوب معلوم شود	was pulled out of water, even if they seem well
child-safety.urgent.poison	دوا، تیل خاک یا زهر خورده است	swallowed medicine, kerosene or poison
child-safety.urgent.fall	از بلندی افتاده و استفراغ می‌کند یا خواب‌آلود است	fell from a height and vomits or is sleepy
child-safety.urgent.burn	سوختگی دارد که از کف دست طفل بزرگ‌تر است	has a burn bigger than the child's palm
child-safety.urgent.blast	در اثر انفجار زخمی شده است	was hurt by a blast or explosion
child-safety.first-aid	برای کارهایی که بلافاصله بعد از حادثه باید کرد، صفحهٔ کمک‌های اولیه را ببینید.	For what to do straight after an injury, see the First aid page.
first-aid.title	کمک‌های اولیه	First aid
first-aid.lead	در حالت عاجل آرام بمانید و زود عمل کنید. این کارهای اول می‌تواند تا رسیدن کمک، جان کسی را نجات دهد.	In an emergency, stay calm and act fast. These first steps can save a life while you get help.
first-aid.burn	سوختگی: با آب سرد کنید. جای سوختگی را ۲۰ دقیقه زیر آب پاک و روان نگه دارید. انگشتر و لباس تنگ را بکشید، بعد آن را با یک تکه پاک، سست بپوشانید.	Burns: cool with water. Cool the burn under clean running water for 20 minutes. Take off rings and tight clothes, then cover loosely with a clean cloth.
first-aid.bleeding	خونریزی زیاد: محکم فشار دهید. با یک تکه پاک، محکم روی زخم فشار دهید. فشار را ادامه دهید و تکه را برای دیدن برندارید.	Heavy bleeding: press hard. Press hard on the wound with a clean cloth. Keep pressing, and do not lift the cloth to look.
first-aid.choking	بند شدن گلوی طفل. اگر طفل گریه، سرفه یا نفس کشیده نتواند: ۵ ضربه محکم بین دو شانه‌اش بزنید، بعد برای شیرخوار ۵ بار سینه را فشار دهید، یا برای طفل بزرگ‌تر ۵ بار شکم را. تکرار کنید.	Choking child. If the child cannot cry, cough or breathe: 5 firm blows between the shoulders, then 5 chest pushes for a baby, or 5 belly pushes for an older child. Repeat.
first-aid.poison	مسمومیت: به شفاخانه بروید. کاری نکنید که استفراغ کند. همین حالا به شفاخانه بروید و بوتل یا پاکت را با خود ببرید.	Poisoning: go to hospital. Do not make them vomit. Go to hospital now, and take the bottle or packet with you.
first-aid.fumes	گاز بخاری و صندلی. هرگز در اتاق بسته با صندلی زغالی یا بخاری روشن نخوابید. اگر در اتاق گرم کسی سردرد شد، سرش چرخید یا استفراغ کرد، همه را همین حالا به هوای تازه ببرید.	Stove and sandali fumes. Never sleep with a charcoal sandali or a stove burning in a closed room. Headache, dizziness or vomiting in a heated room: get everyone into fresh air now.
first-aid.bite	گزیدن سگ یا حیوان دیگر. جای گزیدگی را ۱۵ دقیقه با صابون و آب روان بشویید. همان روز برای واکسین هاری به کلینیک یا شفاخانه بروید.	Dog or other animal bites. Wash the bite with soap and running water for 15 minutes. Go the same day to the clinic or hospital for rabies vaccine.
first-aid.head	ضربه به سر: از نزدیک مراقب باشید. بعد از ضربه سخت به سر، بگذارید آن شخص استراحت کند. یک نفر ۲۴ ساعت پیش او بماند و مراقبش باشد.	Head injury: watch closely. After a hard knock to the head, let the person rest. Someone should stay with them and watch them for 24 hours.
first-aid.dont	روی سوختگی این چیزها را نگذارید	On a burn, never put
first-aid.dont.toothpaste	خمیر دندان را روی سوختگی نمالید	toothpaste on a burn
first-aid.dont.oil	روغن، مسکه یا روغن زرد را روی سوختگی نمالید	oil, butter or ghee on a burn
first-aid.dont.egg	تخم مرغ یا آرد را روی سوختگی نمالید	egg or flour on a burn
first-aid.dont.ice	یخ یا آب یخ را روی سوختگی نگذارید	ice or ice water on a burn
first-aid.urgent	در این حالات همین حالا به شفاخانه بروید، شب باشد یا روز	Go to hospital now, day or night, for any of these
first-aid.urgent.big-burn	سوختگی بزرگ‌تر از دست همان شخص، یا هر سوختگی در شیرخوار	a burn bigger than the person's hand, or any burn on a baby
first-aid.urgent.burn-place	سوختگی روی صورت، دست‌ها یا اعضای تناسلی	a burn on the face, hands or genitals
first-aid.urgent.bleeding	خونریزی که بند نمی‌شود	bleeding that will not stop
first-aid.urgent.unconscious	بیهوشی، یا کسی که بیدار نمی‌شود	someone unconscious who cannot be woken
first-aid.urgent.poison	قورت دادن زهر، تیل خاک یا دوا	swallowed poison, kerosene or medicines
first-aid.urgent.choking	بند شدن گلو که باز نمی‌شود	choking that does not clear
first-aid.urgent.head	ضربه به سر، و بعد استفراغ، خواب‌آلودگی زیاد یا تشنج	a head injury, then vomiting, deep sleepiness or a fit
first-aid.urgent.fumes	بیهوش شدن، گیجی یا خواب‌آلودگی زیاد بعد از گاز بخاری	fainting, confusion or deep sleepiness after stove fumes
first-aid.tip-poison	تیل خاک، دواها و زهرها را بلند و دور از دست اطفال نگه دارید، و هرگز در بوتل آب نریزید.	Keep kerosene, medicines and poisons high up and out of children's reach, and never in water bottles.
pregnancy-danger.title	علایم خطر در حاملگی	Danger signs in pregnancy
pregnancy-danger.lead	بعضی علایم در حاملگی برای مادر و طفل خطرناک است. این علایم را همراه با فامیل خود یاد بگیرید تا زود اقدام کرده بتوانید.	Some signs in pregnancy are dangerous for mother and baby. Learn them with your family, so you can act fast.
pregnancy-danger.urgent	اگر یکی از این علایم را دارید، همین حالا به شفاخانه بروید، شب باشد یا روز	If you have any of these signs, go to hospital now, day or night
pregnancy-danger.urgent.bleeding	خونریزی از راه تناسلی	Bleeding from the vagina
pregnancy-danger.urgent.fits	تشنج، یا بیهوشی	Fits, or being unconscious
pregnancy-danger.urgent.headache	سردرد شدید همراه با تاری دید	Severe headache with blurred vision
pregnancy-danger.urgent.fever-weak	تب، و آن‌قدر ضعف که از بستر بلند شده نمی‌توانید	Fever, and too weak to get out of bed
pregnancy-danger.urgent.belly-pain	درد شدید شکم	Severe belly pain
pregnancy-danger.urgent.breathing	نفس تند یا نفس کشیدن مشکل	Fast or difficult breathing
pregnancy-danger.urgent.movement	طفل در شکم کمتر حرکت می‌کند، یا هیچ حرکت نمی‌کند	The baby moves less, or not at all
pregnancy-danger.soon	اگر یکی از این علایم را دارید، امروز به کلینیک بروید	If you have any of these signs, go to the clinic today
pregnancy-danger.soon.fever	تب	Fever
pregnancy-danger.soon.belly-pain	درد شکم	Belly pain
pregnancy-danger.soon.ill	احساس ناجوری	Feeling ill
pregnancy-danger.soon.swelling	پندیدگی انگشتان، روی یا پاها	Swelling of the fingers, face or legs
pregnancy-danger.soon.waters	آب ولادت آمده، اما درد ولادت نیست	The waters break, but there are no labour pains
pregnancy-danger.soon.urine	سوزش هنگام ادرار	Burning when passing urine
pregnancy-danger.birth-plan	با فامیل پلان ولادت بسازید. در اوایل حاملگی با فامیل خود گپ بزنید. فیصله کنید که در کجا ولادت می‌کنید و چه کسی با شما می‌رود.	Make a birth plan together. Talk with your family early in pregnancy. Decide where you will give birth and who will go with you.
pregnancy-danger.money-car	پول و موتر را آماده کنید. از حالا کمی پول کنار بگذارید. با یک دریور گپ بزنید که شب یا روز شما را ببرد.	Get money and transport ready. Put some money aside now. Agree with a driver who can take you, day or night.
pregnancy-danger.phone	شماره‌های تیلفون را آماده داشته باشید. شماره دریور، قابله و کلینیک را در تیلفون ثبت کنید. تیلفون را چارج نگه دارید.	Keep phone numbers ready. Save the numbers of the driver, the midwife and the clinic. Keep the phone charged.
pregnancy-danger.go-early	وقتی درد ولادت شروع شد، زود بروید. وقتی درد ولادت شروع شد یا آب آمد، به جایی بروید که برای ولادت پلان کرده‌اید. در خانه منتظر نمانید.	Go early when labour starts. When labour pains start or the waters break, go to the place you planned for the birth. Do not wait at home.
pregnancy-danger.six-weeks	تا ۶ هفته بعد از ولادت متوجه باشید. این علایم خطر در حاملگی، در وقت ولادت و تا ۶ هفته بعد از ولادت مهم است.	Watch until 6 weeks after birth. These danger signs matter in pregnancy, during the birth, and for 6 weeks after the birth.
pregnancy-danger.dont	این کارها را نکنید	Things not to do
pregnancy-danger.dont.night	اگر علامه خطر در شب شروع شد، تا صبح منتظر نمانید.	Do not wait until morning if a danger sign starts at night.
pregnancy-danger.dont.bleeding	منتظر نمانید که خونریزی خودش بند شود.	Do not wait to see if bleeding stops by itself.
pregnancy-danger.family	این علایم را به شوهر و خشو خود هم بگویید، تا آن‌ها بدانند چه وقت باید بروند.	Share these signs with your husband and mother-in-law, so they know when to go.
pregnancy-care.title	مراقبت در حاملگی	Care in pregnancy
pregnancy-care.lead	مراقبت خوب در حاملگی، مادر و طفل را صحتمند نگه می‌دارد. زود و بارها به کلینیک بروید.	Good care in pregnancy keeps mother and baby healthy. Go to the clinic early and often.
pregnancy-care.visits	زود و بارها به کلینیک بروید. در ۳ ماه اول حاملگی به کلینیک بروید. دست کم ۴ بار بروید، و ۸ بار از همه بهتر است.	Visit the clinic early and often. Go in the first 3 months of pregnancy. Go at least 4 times; 8 visits are best.
pregnancy-care.iron	هر روز آهن بخورید. تابلیت آهن و فولیک اسید را هر روز، طوری که کلینیک داده، بخورید. آن را با آب بخورید، نه با چای.	Take iron every day. Take the iron and folic acid tablets every day, as given by the clinic. Take them with water, not tea.
pregnancy-care.tetanus	واکسین تیتانوس را بگیرید. واکسین تیتانوس، شما و نوزاد شما را محافظت می‌کند. از کلینیک بپرسید که چند بار لازم است.	Get the tetanus vaccine. The tetanus (TT or Td) vaccine protects you and your newborn baby. Ask the clinic how many doses you need.
pregnancy-care.food	هر روز یک وعده غذای اضافه بخورید. هر روز غذاهای مختلف بخورید: گوشت، تخم مرغ، لوبیا، سبزی، میوه، شیر و ماست.	Eat one extra meal a day. Eat different foods each day: meat, eggs, beans, vegetables, fruit, milk and yoghurt.
pregnancy-care.rest	بیشتر استراحت کنید، کار سنگین نکنید. در روز دراز بکشید و استراحت کنید. از فامیل بخواهید که در کارهای خیلی سنگین، مثل آوردن آب، کمک کنند.	Rest more, avoid heavy work. Lie down to rest during the day. Ask the family to help with very heavy work, like carrying water.
pregnancy-care.midwife	با قابله ماهر ولادت کنید. پلان کنید که در شفاخانه یا کلینیک، با قابله ماهر ولادت کنید. با فامیل خود پلان ولادت بسازید.	Give birth with a skilled midwife. Plan to give birth in a hospital or clinic with a skilled midwife. Make a birth plan with your family.
pregnancy-care.labour	علایم شروع ولادت را بشناسید. وقتی درد هر ۲۰ دقیقه یا زودتر می‌آید، آب ولادت می‌آید، یا ترشح چسپناک خون‌آلود می‌آید، ولادت شروع شده است. آن وقت بروید.	Know the signs of labour. Labour has started when pains come every 20 minutes or less, the waters break, or sticky bloody mucus comes. Then go.
pregnancy-care.urgent	اگر یکی از این علایم را دارید، همین حالا به شفاخانه بروید، شب باشد یا روز	If you have any of these signs, go to hospital now, day or night
pregnancy-care.urgent.bleeding	خونریزی از راه تناسلی	Bleeding from the vagina
pregnancy-care.urgent.fits	تشنج، یا بیهوشی	Fits, or being unconscious
pregnancy-care.urgent.headache	سردرد شدید همراه با تاری دید	Severe headache with blurred vision
pregnancy-care.urgent.belly-pain	درد شدید شکم	Severe belly pain
pregnancy-care.dont	در حاملگی از این چیزها دوری کنید	Things to avoid in pregnancy
pregnancy-care.dont.smoking	سگرت نکشید، و از دود سگرت دیگران دور باشید.	Do not smoke, and keep away from other people's cigarette smoke.
pregnancy-care.dont.naswar	نصوار استفاده نکنید.	Do not use naswar.
pregnancy-care.dont.stove-smoke	در دود بخاری، تنور یا آتش ننشینید.	Do not sit in smoke from the stove, tandoor or fire.
pregnancy-care.danger-signs	همه علایم خطر حاملگی را در این کتاب، همراه با فامیل خود یاد بگیرید.	Learn all the danger signs of pregnancy in this book, together with your family.
after-birth.title	بعد از ولادت	After the birth
after-birth.lead	هفته‌های بعد از ولادت برای مادر هم وقت خطر است. استراحت کنید، خوب غذا بخورید و علایم خطر را بشناسید.	The weeks after birth are a risky time for the mother too. Rest, eat well, and know the danger signs.
after-birth.urgent	اگر یکی از این علایم را دارید، همین حالا به شفاخانه بروید، شب باشد یا روز	If you have any of these signs, go to hospital now, day or night
after-birth.urgent.bleeding	خونریزی زیاد، یا خونریزی که بیشتر می‌شود	Heavy bleeding, or bleeding that gets more
after-birth.urgent.fits	تشنج	Fits
after-birth.urgent.headache	سردرد شدید، یا تاری دید	Severe headache, or blurred vision
after-birth.urgent.breathing	نفس تند یا نفس کشیدن مشکل	Fast or difficult breathing
after-birth.urgent.fever-discharge	تب، همراه با ترشح بدبو از راه تناسلی	Fever with a bad-smelling discharge from the vagina
after-birth.urgent.calf	ساق پای دردناک و پندیده	A painful, swollen calf (back of the lower leg)
after-birth.urgent.harm	فکر آسیب زدن به خود یا به طفل	Thoughts of harming yourself or your baby
after-birth.soon	اگر یکی از این علایم را دارید، امروز به کلینیک بروید	If you have any of these signs, go to the clinic today
after-birth.soon.wound	درد، سرخی یا ریم در زخم یا بخیه‌ها	Pain, redness or pus in a wound or stitches
after-birth.soon.breast	پستان دردناک، سرخ یا داغ	A breast that is painful, red or hot
after-birth.soon.urine	درد یا مشکل هنگام ادرار	Pain or trouble passing urine
after-birth.soon.sad	بیشتر وقت خیلی غمگین یا پریشان هستید	Feeling very sad or worried most of the time
after-birth.checks	معاینه مادر و طفل. مادر و طفل باید در روز اول، روز ۳، بین روز ۷ و ۱۴، و در ۶ هفتگی معاینه شوند.	Check-ups for mother and baby. Mother and baby need checks on the first day, on day 3, between day 7 and 14, and at 6 weeks.
after-birth.rest-food	استراحت کنید و خوب غذا بخورید. بیشتر از معمول غذا بخورید و زیاد مایعات بنوشید. از فامیل بخواهید در کار خانه کمک کنند تا مادر استراحت کند.	Rest and eat well. Eat more than usual and drink plenty. Ask the family to help with housework, so the mother can rest.
after-birth.iron	تا ۳ ماه آهن بخورید. تابلیت آهن را تا ۳ ماه بعد از ولادت، طوری که کلینیک داده، بخورید. این کار خونی را که در ولادت از دست رفته جبران می‌کند.	Take iron for 3 months. Keep taking iron tablets for 3 months after birth, as given by the clinic. This rebuilds the blood lost in the birth.
after-birth.breastfeeding	زیاد شیر بدهید و کمک بگیرید. روز و شب زیاد شیر بدهید. اگر درد دارد یا طفل پستان را خوب نمی‌گیرد، از قابله کمک بخواهید.	Breastfeed often, and get help. Breastfeed often, day and night. If it hurts or the baby does not latch well, ask the midwife for help.
after-birth.low-mood	غم زیاد قابل تداوی است. چند روز غمگینی بعد از ولادت عادی است. اگر ۲ هفته بیشتر روزها غمگین هستید، این یک مریضی است و کلینیک کمک کرده می‌تواند.	Low mood can be treated. Feeling sad for a few days after birth is common. Sad most days for 2 weeks is an illness; the clinic can help.
after-birth.spacing	صبر کردن دست کم ۲ سال پیش از حاملگی بعدی، برای صحت مادر و طفل بهتر است. کلینیک در مورد فاصله بین ولادت‌ها مشوره می‌دهد.	Waiting at least 2 years before the next pregnancy is healthier for mother and baby. The clinic can advise on spacing births.
anaemia.title	کم‌خونی	Anaemia (weak blood)
anaemia.lead	کم‌خونی یعنی خون ضعیف است، اکثراً به خاطر کمبود آهن. در زنان زیاد است، اما جلوگیری و تداوی می‌شود.	Anaemia means the blood is weak, often from too little iron. It is common in women, but it can be prevented and treated.
anaemia.signs	علایم را بشناسید. خستگی، ضعف، سرچرخی و نفس‌تنگی. داخل پلک‌ها و کف دست‌ها رنگ‌پریده معلوم می‌شود.	Know the signs. Feeling tired, weak or dizzy, and short of breath. The inside of the eyelids and the palms look pale.
anaemia.causes	علت‌ها را بدانید. آهن کم در غذا، خونی که در عادت ماهوار و ولادت‌ها از دست می‌رود، و کرم‌های شکم.	Know the causes. Too little iron in food, blood lost in monthly periods and births, and worms in the belly.
anaemia.food	غذاهای پر آهن بخورید. گوشت، جگر، تخم مرغ، عدس، لوبیا و سبزی‌های سبز تیره مثل پالک بخورید. همراه آن میوه بخورید تا بدن آهن بیشتر بگیرد.	Eat iron-rich foods. Eat meat, liver, eggs, lentils, beans and dark green leaves like spinach. Eat fruit with them to take in more iron.
anaemia.tea	چای را بین غذاها بنوشید. چای نمی‌گذارد بدن آهن غذا را بگیرد. چای را یک ساعت پیش یا یک ساعت بعد از غذا بنوشید، نه همراه غذا.	Drink tea between meals. Tea stops the body taking iron from food. Drink tea one hour before or one hour after a meal, not with it.
anaemia.iron-pregnancy	تابلیت آهن در حاملگی. در حاملگی، تابلیت آهن و فولیک اسید را هر روز، طوری که کلینیک داده، بخورید. آن را با آب بخورید، نه با چای.	Iron tablets in pregnancy. In pregnancy, take the iron and folic acid tablets every day, as given by the clinic. Take them with water, not tea.
anaemia.worms	کرم‌ها را تداوی کنید. از کلینیک در مورد دوای کرم برای فامیل بپرسید. پیش از غذا و بعد از تشناب، دست‌ها را با صابون بشویید.	Treat worms. Ask the clinic about worm medicine for the family. Wash hands with soap before eating and after the toilet.
anaemia.soon	اگر یکی از این علایم را دارید، امروز به کلینیک بروید	If you have any of these signs, go to the clinic today
anaemia.soon.very-pale	پوست، پلک‌ها یا کف دست خیلی رنگ‌پریده است	Very pale skin, eyelids or palms
anaemia.soon.breathless-rest	در وقت استراحت هم نفس‌تنگی دارید	Short of breath even when resting
anaemia.soon.heavy-periods	عادت ماهوار خیلی زیاد	Very heavy monthly periods
anaemia.urgent	اگر یکی از این علایم را دارید، همین حالا به شفاخانه بروید، شب باشد یا روز	If you have any of these signs, go to hospital now, day or night
anaemia.urgent.fainting	ضعف کردن یا بیهوش شدن	Fainting
anaemia.urgent.chest-pain	درد سینه	Chest pain
anaemia.urgent.breathless-lying	نفس‌تنگی در وقت دراز کشیدن	Short of breath when lying down
anaemia.black-stool	تابلیت آهن ممکن است مدفوع را سیاه کند. این عادی است.	Iron tablets can make the stool black. This is normal.
red-flags.title	علایم خطر در بزرگسالان	Danger signs in adults
red-flags.lead	بعضی علایم در بزرگسالان خطر جانی دارد. کمک زود جان را نجات داده می‌تواند، پس زود اقدام کنید.	Some signs in adults mean danger to life. Fast help can save a life, so act quickly.
red-flags.urgent	اگر شما یا کس دیگری یکی از این علایم را دارد، همین حالا به شفاخانه بروید، شب باشد یا روز	If you or anyone has one of these signs, go to hospital now, day or night
red-flags.urgent.chest-pain	درد شدید و فشارنده سینه که به بازو یا الاشه می‌رود، همراه با عرق	Crushing chest pain spreading to the arm or jaw, with sweating
red-flags.urgent.stroke	کج شدن روی، ضعف یک بازو، یا گپ زدن نامفهوم	Face drooping, a weak arm, or slurred speech
red-flags.urgent.headache	سردرد ناگهانی، که شدیدترین سردرد عمر است	A sudden headache, the worst ever
red-flags.urgent.fever-neck	تب بلند، همراه با شخی گردن یا لکه‌های تیره روی پوست	High fever with a stiff neck or a dark rash
red-flags.urgent.breathing	نفس‌تنگی شدید	Severe difficulty breathing
red-flags.urgent.blood-vomit	استفراغ خون، یا مدفوع سیاه (که از تابلیت آهن نباشد)	Vomiting blood, or black stool (not from iron tablets)
red-flags.urgent.belly-pain	درد شدید شکم	Severe belly pain
red-flags.urgent.confused	گیچی، خواب‌آلودگی زیاد، یا بیهوشی	Confused, very drowsy, or unconscious
red-flags.suicide	اگر کسی از خودکشی گپ می‌زند. با او بمانید و با مهربانی گوش بدهید. زهر و سلاح را دور کنید، و همین حالا او را به شفاخانه ببرید، شب باشد یا روز.	If someone talks of suicide. Stay with them and listen kindly. Remove poisons and weapons, and take them to hospital now, day or night.
red-flags.soon	اگر یکی از این علایم را دارید، همین هفته به کلینیک بروید	If you have one of these signs, go to the clinic this week
red-flags.soon.cough	سرفه بیشتر از ۲ هفته، یا خون در بلغم	Cough for more than 2 weeks, or blood in the sputum
red-flags.soon.weight-loss	کم شدن وزن، بدون کدام دلیل	Losing weight without trying
red-flags.soon.lump	غده‌ای که کلان می‌شود	A lump that is growing
red-flags.soon.blood-urine-stool	خون در ادرار یا مدفوع	Blood in the urine or stool
red-flags.soon.wound	زخمی که در ۲ هفته جور نمی‌شود	A wound or sore that does not heal in 2 weeks
red-flags.soon.yellow-eyes	زرد شدن چشم‌ها	Yellow eyes
red-flags.soon.swallowing	مشکل در قورت دادن غذا	Trouble swallowing food
red-flags.transport	کمک بخواهید و زود موتر پیدا کنید. فوراً فامیل یا همسایه‌ها را صدا کنید. زود موتر پیدا کنید، پیش از آنکه شب یا راه خراب کار را مشکل کند.	Call for help, find transport early. Call family or neighbours at once. Find a car early, before night or bad roads make it hard.
red-flags.phone	شماره‌های مهم تیلفون را نگه دارید. شماره یک دریور، کلینیک و شفاخانه را در تیلفون ثبت کنید. آن‌ها را روی کاغذ هم بنویسید.	Keep important phone numbers. Save the numbers of a driver, the clinic and the hospital. Write them on paper too.
red-flags.time	وقت شروع علایم را به یاد داشته باشید. به داکتر بگویید که علایم چه وقت شروع شد. در سکته مغزی یا حمله قلبی، هر دقیقه مهم است.	Remember when it started. Tell the doctor when the signs began. In a stroke or heart attack, every minute matters.
red-flags.dont	این کارها را نکنید	Things not to do
red-flags.dont.wait	منتظر نمانید که درد خودش تیر شود. همین حالا بروید.	Do not wait for the pain to pass. Go now.
red-flags.dont.food-drowsy	به کسی که خیلی خواب‌آلود یا بیهوش است، غذا یا آب ندهید. ممکن است گلویش بند شود.	Do not give food or drink to someone very drowsy; they may choke.
tb.title	توبرکلوز (سل)	TB (tuberculosis)
tb.lead	توبرکلوز مریضی‌ای است که وقتی شخص مریض سرفه می‌کند، از راه هوا سرایت می‌کند. با دوا علاج می‌شود.	TB is an illness that spreads through the air when a sick person coughs. It can be cured with medicine.
tb.soon	برای معاینه توبرکلوز، اگر یکی از این علایم را دارید، امروز به کلینیک بروید	For a TB test, if you have any of these signs, go to the clinic today
tb.soon.cough	سرفه ۲ هفته یا بیشتر	a cough for 2 weeks or more
tb.soon.blood	خون در بلغم	blood in your sputum
tb.soon.fever	تب یا عرق شبانه که خوب نمی‌شود	fever or night sweats that do not go away
tb.soon.weight	لاغر شدن بدون دلیل معلوم	losing weight without a clear reason
tb.free	معاینه و دوا رایگان است. معاینه و تداوی توبرکلوز در کلینیک‌های دولتی رایگان است. توبرکلوز علاج می‌شود.	Tests and medicine are free. TB tests and treatment are free at government clinics. TB can be cured.
tb.medicine	هر روز دوا بخورید. دوا را هر روز تا آخر دوره بخورید، که معمولاً ۶ ماه است، حتی وقتی بهتر شدید. اگر زود قطع کنید، توبرکلوز برمی‌گردد و علاجش سخت‌تر می‌شود.	Take medicine every day. Take it every day for the whole course, usually 6 months, even when you feel better. Stopping early can make TB come back, harder to treat.
tb.protect	از خانواده خود محافظت کنید. وقت سرفه دهان خود را بپوشانید و کلکین‌ها را باز کنید. تا وقتی کارمند صحی بگوید دیگر سرایت نمی‌دهید، جدا بخوابید.	Protect your family. Cover your coughs and open the windows. Sleep apart until the health worker says you can no longer spread TB.
tb.family	همه خانواده را معاینه کنید. اطفال و همه کسانی که با مریض توبرکلوز زندگی می‌کنند، حتی اگر صحتمند معلوم شوند، باید در کلینیک معاینه شوند.	Check the whole family. Children and everyone living with a person with TB should be checked at the clinic, even if they seem well.
tb.no-shame	توبرکلوز شرم نیست. هر کس ممکن است توبرکلوز بگیرد. مهربان باشید و کمک کنید که مریض دوایش را تمام کند.	TB is not shameful. Anyone can get TB. Be kind, and help the person finish their medicine.
tb.urgent	اگر یکی از این حالات را دارید، همین حالا به شفاخانه بروید، شب باشد یا روز	If you have any of these, go to hospital now, day or night
tb.urgent.blood	سرفه کردن خون زیاد	coughing up a lot of blood
tb.urgent.breathing	نفس‌تنگی شدید	great difficulty breathing
tb.urgent.weak	ضعف زیاد، طوری که از جا برخاسته نمی‌توانید	so weak you cannot get out of bed
blood-pressure.title	فشار خون بلند	High blood pressure
blood-pressure.lead	فشار خون بلند اکثراً هیچ علامه‌ای ندارد، اما می‌تواند سکته مغزی یا حمله قلبی بیاورد. تنها راه فهمیدن، اندازه کردن آن است.	High blood pressure usually has no signs, but it can cause a stroke or heart attack. The only way to know is to check it.
blood-pressure.check	هر سال فشار خود را اندازه کنید. بعد از ۴۰ سالگی، حد اقل سالی یک بار فشار خون خود را در کلینیک اندازه کنید. زنان حامله باید در هر مراجعه فشار خود را اندازه کنند.	Check it every year. After age 40, have your blood pressure checked at the clinic at least once a year. Pregnant women should have it checked at every visit.
blood-pressure.salt	نمک کمتر بخورید. در پخت‌وپز نمک کمتر بزنید. نان شور، ترشی و خوراکی‌های نمکی کمتر بخورید.	Eat less salt. Use less salt in cooking. Eat less salty bread, pickles and salted snacks.
blood-pressure.food	روغن کمتر، سبزی بیشتر. غذا را با روغن و چربی کمتر پخته کنید. هر روز سبزی و میوه بیشتر بخورید.	Less ghee, more vegetables. Cook with less ghee and fat. Eat more vegetables and fruit every day.
blood-pressure.walk	هر روز پیاده‌روی کنید. هر روز حدود نیم ساعت با قدم‌های تند پیاده‌روی کنید.	Walk every day. Walk at a good pace for about half an hour every day.
blood-pressure.tobacco	سگرت و نسوار را ترک کنید. سگرت و نسوار به قلب و رگ‌ها ضرر می‌رساند. کلینیک می‌تواند در ترک آن کمک کند.	Stop smoking and naswar. Smoking and naswar harm the heart and blood vessels. The clinic can help you stop.
blood-pressure.medicine	هر روز دوا بخورید. اگر به شما دوا داده شد، هر روز بخورید. وقتی خوب هستید هم قطع نکنید، و پیش از تمام شدن، دوای بیشتر بگیرید.	Take medicine every day. If you are given medicine, take it every day. Do not stop when you feel well, and get more before it runs out.
blood-pressure.urgent	اگر یکی از این علایم پیدا شد، همین حالا به شفاخانه بروید، شب باشد یا روز	If any of these signs appear, go to hospital now, day or night
blood-pressure.urgent.face	کج شدن ناگهانی یک طرف روی	one side of the face suddenly drooping
blood-pressure.urgent.weak	ضعف ناگهانی دست یا پا	sudden weakness of an arm or leg
blood-pressure.urgent.speech	مشکل ناگهانی در گپ زدن یا فهمیدن	sudden trouble speaking or understanding
blood-pressure.urgent.chest	درد یا فشار در سینه	pain or tightness in the chest
blood-pressure.urgent.headache	سردردی شدید همراه با تاری چشم	a severe headache with blurred vision
diabetes.title	مرض شکر	Diabetes
diabetes.lead	در مرض شکر، قند خون زیاد می‌شود. با غذای خوب، پیاده‌روی هر روزه و دوا، می‌شود خوب زندگی کرد.	In diabetes there is too much sugar in the blood. With good food, daily walking and medicine, people can live well.
diabetes.test	علایم را بشناسید، معاینه شوید. تشنگی زیاد، زیاد پیشاب کردن، لاغر شدن، خستگی، زخمی که دیر جور می‌شود یا تاری چشم: در کلینیک قند خون خود را معاینه کنید.	Know the signs, get tested. Very thirsty, passing urine often, weight loss, tiredness, slow-healing wounds or blurred vision: get a sugar test at the clinic.
diabetes.food	شکر و نان سفید کمتر بخورید. در چای شکر کمتر بیندازید و با چای شیرینی کمتر بخورید. نان سفید و برنج کمتر، و سبزی، دال و لوبیا بیشتر بخورید.	Less sugar and white bread. Put less sugar in tea and eat fewer sweets with tea. Eat less white bread and rice, and more vegetables, lentils and beans.
diabetes.walk	هر روز پیاده‌روی کنید. هر روز حدود نیم ساعت با قدم‌های تند پیاده‌روی کنید. این کار قند خون را پایین می‌آورد.	Walk every day. Walk at a good pace for about half an hour every day. It lowers blood sugar.
diabetes.medicine	هر روز دوا بخورید. دوای خود را هر روز همان‌طور که کلینیک گفته بخورید، حتی وقتی خوب هستید. برای معاینه منظم دوباره به کلینیک بروید.	Take medicine every day. Take your medicine every day as the clinic tells you, even when you feel well. Go back to the clinic for regular checks.
diabetes.feet	هر روز پاهای خود را ببینید. پاها را برای بریدگی، زخم یا سرخی ببینید. همیشه بوت بپوشید و پاها را پاک و خشک نگه دارید.	Check your feet every day. Look for cuts, sores or redness. Always wear shoes, and keep your feet clean and dry.
diabetes.low-sugar	قند پایین: زود شکر بدهید. عرق کردن، لرزیدن یا گیجی می‌تواند علامه پایین شدن قند باشد. اگر قورت داده بتواند، شکر، چای شیرین یا آب شیرین بدهید، بعد کمی غذا.	Low sugar: give sugar fast. Sweating, shaking or confusion can mean low sugar. If they can swallow, give sugar or a sweet drink, then some food.
diabetes.soon	اگر شخص مبتلا به مرض شکر یکی از این حالات را دارد، امروز به کلینیک بروید	If a person with diabetes has any of these, go to the clinic today
diabetes.soon.foot-sore	بریدگی یا زخم تازه در پا	a new cut or sore on the foot
diabetes.soon.wound	زخمی که جور نمی‌شود	a wound that is not healing
diabetes.soon.low-again	پایین شدن قند که بار بار تکرار می‌شود	low sugar that keeps coming back
diabetes.urgent	اگر شخص مبتلا به مرض شکر یکی از این حالات را دارد، همین حالا به شفاخانه بروید، شب باشد یا روز	If a person with diabetes has any of these, go to hospital now, day or night
diabetes.urgent.confused	گیجی یا بیهوشی	confusion or unconsciousness
diabetes.urgent.vomiting	استفراغ و حال بسیار خراب	vomiting and feeling very unwell
diabetes.urgent.foot-wound	زخم پا که سرخ، سیاه یا بدبو شده	a foot wound that is red, black or smelly
stress.title	فشار روحی و تشویش	Stress and worry
stress.lead	فشار روحی و تشویش، به‌خصوص در روزهای سخت، عام است. مهارت‌های کوچک روزانه می‌تواند کمک کند آرام‌تر شوید.	Stress and worry are common, especially in hard times. Small daily skills can help you feel calmer.
stress.ground	پاها را حس کنید، آهسته شوید. پاهای خود را محکم روی زمین بگذارید و نفس خود را آهسته کنید. ببینید و بشنوید که دور و بر شما چه است.	Feel your feet, slow down. Press your feet into the ground and slow your breathing. Notice what you can see and hear around you.
stress.unhook	از فکرهای سخت جدا شوید. وقتی یک فکر دردناک آمد، نامش را بگیرید: «من یک فکر پریشان دارم.» بعد توجه خود را به کاری که می‌کنید برگردانید.	Unhook from hard thoughts. When a painful thought comes, name it: 'I am having a worried thought.' Then bring your attention back to what you are doing.
stress.matters	کاری را بکنید که برایتان مهم است. حتی در روزهای سخت، کارهای کوچکی را بکنید که برایتان مهم است، مثل کمک به خانواده یا همسایه.	Do what matters to you. Even on hard days, do small things that matter to you, like helping your family or a neighbour.
stress.kind	با خود و دیگران مهربان باشید. با خود مهربان گپ بزنید، مثل این‌که با یک دوست دردمند گپ می‌زنید. مهربانی با دیگران به خود شما هم کمک می‌کند.	Be kind to yourself and others. Speak to yourself kindly, as you would to a friend in pain. Kindness to others helps you too.
stress.talk	با کسی که اعتماد دارید گپ بزنید. پریشانی‌های خود را با خانواده، یک دوست، یک بزرگ یا کارمند صحی در میان بگذارید. لازم نیست بار آن را تنها بکشید.	Talk to someone you trust. Share your worries with family, a friend, an elder or a health worker. You do not have to carry them alone.
stress.sleep	به خواب خود توجه کنید. هر روز در یک وقت معین بخوابید و بیدار شوید. شام‌ها چای زیاد نخورید.	Look after your sleep. Go to bed and get up at the same times each day. Avoid a lot of tea in the evening.
stress.peace	برای آرامش وقت بگذارید. کارهایی را بکنید که به شما آرامش می‌دهد، مثل وقت گذراندن با خانواده، نماز یا قدم زدن.	Make time for peace. Do what gives you peace, such as time with family, prayer or a walk.
stress.soon	اگر یکی از این حالات را دارید، امروز به کلینیک بروید	If any of these is true for you, go to the clinic today
stress.soon.two-weeks	۲ هفته، اکثر روزها غمگین، پریشان یا بی‌خواب هستید	you have felt sad, worried or unable to sleep most days for 2 weeks
stress.soon.daily-work	کارهای روزانه یا مراقبت خانواده را کرده نمی‌توانید	you cannot do your daily work or care for your family
stress.soon.drugs	برای تحمل، تریاک یا مواد مخدر دیگر استفاده می‌کنید	you use opium or other drugs to cope
stress.urgent	در این حالات، همین حالا به کسی بگویید و به کلینیک یا شفاخانه بروید، شب باشد یا روز	For any of these, tell someone now and go to clinic or hospital, day or night
stress.urgent.end-life	فکر پایان دادن به زندگی خود را دارید	you have thoughts of ending your life
stress.urgent.hurt-others	فکر آسیب رساندن به کسی دیگر را دارید	you have thoughts of hurting someone else
stress.urgent.self-harm	عمداً به خود آسیب رسانده‌اید	you have hurt yourself on purpose
stress.tip-help	اگر کسی گفت می‌خواهد به زندگی خود پایان دهد، جدی بگیرید. پیش او بمانید، زهر و دوا را از او دور کنید و کمک بگیرید.	If someone says they want to end their life, take it seriously. Stay with them, keep poisons and medicines away, and get help.
hygiene.title	دست، آب و غذای پاک	Clean hands, water and food
hygiene.lead	اسهال و بسیاری مریضی‌های دیگر از راه دست، آب و غذای ناپاک سرایت می‌کند. عادت‌های ساده همه خانواده را محافظت می‌کند.	Diarrhoea and many other illnesses spread through dirty hands, water and food. Simple habits protect the whole family.
hygiene.hands	دست‌ها را با صابون بشویید. بعد از تشناب، و بعد از پاک کردن طفل پس از رفع حاجت، دست‌ها را بشویید. همچنان پیش از پختن، پیش از خوردن و پیش از غذا دادن به طفل.	Wash hands with soap. Wash after the toilet and after cleaning a child's bottom. Also before cooking, before eating and before feeding a child.
hygiene.safe-water	آب نوشیدنی را پاک کنید. آب نوشیدنی را بجوشانید تا خوب به جوش بیاید، یا طوری که کارمند صحی نشان می‌دهد، کلورین بیندازید.	Make drinking water safe. Bring drinking water to a full, bubbling boil, or add chlorine as the health worker shows you.
hygiene.store	آب را پاک نگه دارید. آب را سرپوشیده نگه دارید. آن را بریزید یا با ملاقه پاک بردارید؛ هرگز دست یا پیاله را داخلش نکنید.	Keep water clean. Keep water covered. Pour it out or use a clean ladle; never dip hands or cups in.
hygiene.containers	ظرف‌های آب را بشویید. ظرف‌های آب و سرپوش آن‌ها را به‌طور منظم با صابون و آب پاک بشویید.	Wash water containers. Scrub water containers and their lids regularly with soap and clean water.
hygiene.latrine	از تشناب پاک استفاده کنید. همه باید از تشناب استفاده کنند و مدفوع اطفال را هم در آن بیندازند. تشناب را پاک و دور از چاه و چشمه نگه دارید.	Use a clean latrine. Everyone should use a latrine, and put children's stools in it too. Keep it clean and well away from wells and springs.
hygiene.food	غذا را پاک نگه دارید. غذا را از مگس بپوشانید. گوشت را خوب پخته کنید و میوه و سبزی را با آب پاک بشویید.	Keep food safe. Cover food from flies. Cook meat well, and wash fruit and vegetables with safe water.
hygiene.animals	حیوانات را دور نگه دارید. حیوانات را از اتاق‌هایی که در آن زندگی می‌کنید، می‌خوابید و پخت‌وپز می‌کنید، دور نگه دارید.	Keep animals out. Keep animals out of the rooms where you live, sleep and cook.
hygiene.tip-ash	صابون ندارید؟ دست‌ها را با خاکستر و آب بشویید.	No soap? Wash your hands with ash and water.
winter-home.title	خانهٔ گرم و بی‌خطر در زمستان	Safe warm home in winter
winter-home.lead	دود آتش، بخاری و صندلی اطفال را به سرفه و سینه‌بغل مریض می‌سازد. گاز زهری ذغال و بخاری گازی بوی ندارد و می‌تواند تمام خانواده را در خواب بکشد.	Smoke from fires, stoves and the sandali makes children ill with cough and pneumonia. The poison gas from coal and gas heaters has no smell and can kill a whole family in their sleep.
winter-home.chimney	از بخاری نل‌دار استفاده کنید. بخاری بسته که نلش به بیرون می‌رود، دود را از اتاق دور نگه می‌دارد. پیش از زمستان ببینید که نل سوراخ یا بند نباشد.	Use a stove with a pipe. A closed stove with a pipe to the outside keeps smoke out of the room. Before winter, check the pipe has no holes or blockage.
winter-home.air	هوای تازه را داخل کنید. حتی در هوای سرد، کلکین یا دروازه را کمی باز بگذارید. هوای تازه دود و گاز را بیرون می‌برد.	Let fresh air in. Even in cold weather, leave a window or door a little open. Fresh air carries smoke and fumes out.
winter-home.sleep	پیش از خواب آتش را خاموش کنید. هرگز در اتاق بسته با منقل، ذغال یا بخاری گازی روشن نخوابید. پیش از خواب ذغال را از زیر صندلی بیرون کنید.	Put fires out before sleep. Never sleep in a closed room with a brazier, coals or a gas heater burning. Take the coals out from under the sandali before sleep.
winter-home.children	اطفال را از دود دور نگه دارید. اگر می‌توانید، در بیرون یا آشپزخانهٔ جدا پخت‌وپز کنید. هنگام پخت‌وپز نوزادان را از آتش دور نگه دارید.	Keep children away from smoke. If you can, cook outside or in a separate kitchen. Keep babies away from the fire while you cook.
winter-home.warm	با لباس گرم شوید، نه با دود. به اطفال چند لایه لباس، کلاه و جوراب بپوشانید. نوزاد را پوست به پوست با مادر و زیر کمپل گرم نگه دارید.	Keep warm with clothes, not smoke. Dress children in layers with a hat and socks. Keep a newborn skin to skin with the mother under a warm blanket.
winter-home.tobacco	در خانه سگرت نکشید. دود سگرت به شش‌های اطفال ضرر دارد. اگر سگرت می‌کشید، بیرون و دور از اطفال بکشید.	No smoking in the house. Tobacco smoke harms children's lungs. If you smoke, do it outside and away from children.
winter-home.urgent	همه را به هوای آزاد ببرید و همین حالا به شفاخانه بروید، شب باشد یا روز، اگر:	Get everyone into fresh air and go to hospital now, day or night, if:
winter-home.urgent.headache	کسی در اتاق گرم سردردی، سرچرخی یا استفراغ دارد	someone in a heated room has headache, dizziness or vomiting
winter-home.urgent.sleepy	کسی خیلی خواب‌آلود یا گیج است یا به سختی بیدار می‌شود	someone is very sleepy, confused or hard to wake
winter-home.urgent.faint	کسی بیهوش می‌شود یا تشنج می‌کند	someone faints or has fits
winter-home.urgent.family	چند نفر خانواده هم‌زمان مریض می‌شوند	several family members feel ill at the same time
winter-home.urgent.breathing	طفل تند یا به سختی نفس می‌کشد	a child breathes fast or with difficulty
winter-home.dont	این کارها را نکنید:	Do not:
winter-home.dont.cooker	اتاق را با گاز پخت‌وپز گرم نکنید	heat a room with a gas cooker
winter-home.dont.plastic	پلاستیک، تایر یا کثافات را برای گرمی نسوزانید	burn plastic, tyres or rubbish for heat
winter-home.dont.pipe	نل بخاری را برای نگه داشتن گرمی بند نکنید	block the stove pipe to keep the heat in
winter-home.dont.sandali	نگذارید اطفال سر خود را زیر صندلی کرده بخوابند	let children sleep with their head under the sandali
winter-home.first-aid	برای کمک‌های اولیه در مسمومیت با گاز ذغال، صفحهٔ کمک‌های اولیه را ببینید.	For help after coal or stove fume poisoning, see the First aid page.
animal-illness.title	مریضی‌هایی که از حیوانات می‌آید	Illness from animals
animal-illness.lead	کنه، خون و شیر خام گوسفند، بز و گاو می‌تواند مریضی‌های خطرناک داشته باشد. احتیاط ساده هنگام دوشیدن، ذبح و کار با حیوانات تمام خانواده را حفاظت می‌کند.	Ticks, blood and raw milk from sheep, goats and cattle can carry dangerous diseases. Simple care when you milk, slaughter and handle animals protects the whole family.
animal-illness.milk	همه شیر را بجوشانید. شیر را پیش از نوشیدن یا ساختن ماست، قروت و پنیر خوب بجوشانید. شیر خام می‌تواند تب مالت بیاورد.	Boil all milk. Boil milk well before drinking it or making yoghurt, qurut or cheese. Raw milk can give Malta fever.
animal-illness.slaughter	هنگام ذبح دست‌ها را بپوشانید. هنگام ذبح یا قطع کردن گوشت دستکش یا خریطهٔ پلاستیکی به دست کنید. بعد دست‌ها را با صابون بشویید.	Cover your hands when slaughtering. Wear gloves or plastic bags on your hands when you slaughter or cut meat. Afterwards, wash your hands with soap.
animal-illness.ticks	هر روز بدن را برای کنه ببینید. نزدیک حیوانات لباس آستین‌دراز بپوشید و هر روز بدن خود و اطفال را ببینید. کنه را با تکه بگیرید و دور کنید، با دست خالی نگیرید.	Check for ticks every day. Wear long sleeves near animals and check your own and your children's bodies every day. Pull ticks off with a cloth, not bare hands.
animal-illness.dead	حیوان مرده از مریضی را نخورید. گوشت حیوانی را که ناگهان مرده یا مریض بوده نخورید و پوستش را نکنید. آن را عمیق دفن کنید و به داکتر مواشی خبر بدهید.	Never eat animals that died sick. Do not eat or skin an animal that died suddenly or was sick. Bury it deep and tell the animal doctor.
animal-illness.birth	هنگام زاییدن حیوان احتیاط کنید. وقتی به زاییدن گوسفند یا بز کمک می‌کنید، دستکش بپوشید. چیزهایی را که بعد از زاییدن بیرون می‌آید دفن کنید.	Take care when animals give birth. Wear gloves when you help a sheep or goat give birth. Bury everything that comes out after the birth.
animal-illness.carers	از کسانی که مراقبت می‌کنند حفاظت کنید. اگر کسی تب و خونریزی دارد، کسی که از او مراقبت می‌کند دستکش بپوشد و به خون یا استفراغ دست نزند. بعد دست‌ها را با صابون بشوید.	Protect people who give care. If someone has fever and bleeding, their carer should wear gloves and not touch blood or vomit. Then wash hands with soap.
animal-illness.urgent	اگر کسی که با حیوانات کار می‌کند این علایم را دارد، همین حالا به شفاخانه بروید، شب باشد یا روز:	Go to hospital now, day or night, if someone who works with animals has:
animal-illness.urgent.fever	تب بلند ناگهانی و درد بدن بعد از گزیدن کنه یا ذبح	sudden high fever and body pain after a tick bite or slaughter
animal-illness.urgent.bleeding	تب همراه با خونریزی از بینی، بیره یا زیر پوست	fever with bleeding from the nose, gums or under the skin
animal-illness.urgent.vomit	استفراغ خون یا مدفوع سیاه	vomiting blood or passing black stool
animal-illness.urgent.sleepy	گیجی یا خواب‌آلودگی زیاد	confusion or great sleepiness
animal-illness.soon	اگر کسی این علایم را دارد، امروز به کلینیک بروید:	Go to the clinic today if someone has:
animal-illness.soon.black-sore	زخم بی‌درد با وسط سیاه بعد از کار با پوست یا گوشت حیوان	a painless sore with a black centre after handling hides or meat
animal-illness.soon.long-fever	تبی که بیش از یک هفته می‌آید و می‌رود، با درد بندها	fever that comes and goes for over a week, with joint pain
animal-illness.soon.tick	کنه‌ای که بیرون نمی‌شود	a tick that will not come out of the skin
animal-illness.dont	این کارها را نکنید:	Do not:
animal-illness.dont.children	نگذارید اطفال با خون یا پوست حیوان ذبح‌شده بازی کنند	let children play with blood or skins from slaughter
animal-illness.dont.sell	گوشت حیوان مریض را نفروشید و به کسی ندهید	sell or give away meat from a sick animal
animal-illness.dont.waste	باقی‌ماندهٔ ذبح را نزدیک خانه یا آب نیندازید	throw slaughter waste near the house or water
animal-illness.eid	در عید قربان که حیوانات زیاد ذبح می‌شود، بیشتر احتیاط کنید.	Take extra care at Eid al-Adha, when many animals are slaughtered.
animal-illness.dog	گزیدن سگ می‌تواند هاری بیاورد. صفحهٔ کمک‌های اولیه را ببینید و همان روز برای واکسین بروید.	A dog bite can cause rabies. See the First aid page and go for the vaccine the same day.
leishmaniasis.title	زخم سالک (لیشمانیا)	Salak sores (leishmaniasis)
leishmaniasis.lead	سالک با یک دانهٔ کوچک سرخ در جای گزیدن پشهٔ خاکی شروع می‌شود، اکثراً روی روی، دست یا پا. آهسته‌آهسته زخم می‌شود که ماه‌ها می‌ماند و جایش تمام عمر باقی می‌ماند.	Salak starts as a small red bump where a tiny sandfly has bitten, often on the face, hands or legs. It slowly becomes a sore that lasts for months and leaves a scar for life.
leishmaniasis.clinic	زود به کلینیک بروید. سالک قابل تداوی است. تداوی زود کمک می‌کند که زخم زودتر جور شود و جایش کوچک‌تر بماند.	Go to the clinic early. Salak can be treated. Early treatment helps the sore heal sooner and leave a smaller scar.
leishmaniasis.cover	زخم را پاک و پوشیده نگه دارید. زخم را آرام با صابون و آب پاک بشویید و با تکهٔ پاک بپوشانید. پوشاندن نمی‌گذارد پشهٔ خاکی مریضی را به دیگران برساند.	Keep the sore clean and covered. Wash the sore gently with soap and clean water, and cover it with a clean cloth. Covering stops sandflies carrying it to others.
leishmaniasis.net	زیر پشه‌خانه بخوابید. پشهٔ خاکی از شام تا صبح می‌گزد. به خصوص اطفال را زیر پشه‌خانهٔ دوادار بخوابانید.	Sleep under a bed net. Sandflies bite from evening until morning. Put children especially to sleep under a treated bed net.
leishmaniasis.evening	شام پوست را بپوشانید. شام لباس آستین‌دراز و پتلون بپوشید. بعد از غروب آفتاب دروازه و کلکین را ببندید یا جالی بزنید.	Cover the skin in the evening. In the evening wear long sleeves and trousers. After sunset, close doors and windows or put screens on them.
leishmaniasis.clean	اطراف خانه را پاک کنید. کثافات، سرگین حیوانات و خاک‌وخشت کهنه را از نزدیک خانه دور کنید، چون پشهٔ خاکی آنجا زیاد می‌شود. درزهای دیوار را پر کنید.	Clean around the house. Clear rubbish, animal dung and old rubble from near the house, because sandflies breed there. Fill cracks in the walls.
leishmaniasis.soon-infected	اگر زخم این علایم را دارد، امروز به کلینیک بروید:	Go to the clinic today if the sore:
leishmaniasis.soon-infected.red	سرخ، داغ و خیلی دردناک شده است	has become red, hot and very painful
leishmaniasis.soon-infected.pus	چرک یا بوی بد دارد	has pus or a bad smell
leishmaniasis.soon-infected.fever	همراه با تب است	comes with a fever
leishmaniasis.soon	اگر این حالت را دارید، همین هفته به کلینیک بروید:	Go to the clinic this week if there is:
leishmaniasis.soon.not-healing	زخمی که بعد از دو هفته جور نشده است	a sore that has not healed after two weeks
leishmaniasis.soon.face	زخم در روی، نزدیک چشم یا روی بند	a sore on the face, near the eye or on a joint
leishmaniasis.soon.many	زخم‌های زیاد، یا زخمی که بزرگ‌تر می‌شود	many sores, or a sore that keeps growing
leishmaniasis.soon.child	زخم در نوزاد یا طفل خورد	a sore on a baby or small child
leishmaniasis.dont	این کارها را نکنید:	Do not:
leishmaniasis.dont.burn	تیزاب، آب بتری یا آهن داغ روی زخم نگذارید	put acid, battery water or hot metal on the sore
leishmaniasis.dont.scratch	زخم را نخارید و پوست آن را نکنید	scratch or pick at the sore
leishmaniasis.dont.injection	بدون معاینهٔ کلینیک از دواخانه پیچکاری نخرید	buy injections from a shop without a clinic check
leishmaniasis.spread	سالک با دست زدن سرایت نمی‌کند، اما پشهٔ خاکی آن را از زخم یک نفر به دیگری می‌برد.	Salak does not spread by touch, but sandflies carry it from one person's sore to another.
floods-quakes.title	سیلاب و زلزله	Floods and earthquakes
floods-quakes.lead	سیلاب‌های بهاری و زلزله در سمنگان مردم را کشته است. اگر بدانید پیش از حادثه، هنگام حادثه و بعد از آن چه کنید، خانوادهٔ خود را نجات می‌دهید.	Spring floods and earthquakes have killed people in Samangan. Knowing what to do before, during and after can save your family.
floods-quakes.plan	پلان خانواده را بسازید. یک جای بلند و امن را برای جمع شدن تعیین کنید و بگویید چه کسی اطفال و پیرها را می‌برد. یک خریطه با آب، غذا، دوا و چراغ دستی آماده بگذارید.	Make a family plan. Choose a safe high place to meet, and agree who will carry babies and old people. Keep a bag ready with water, food, medicines and a torch.
floods-quakes.quake	هنگام زلزله: بنشینید، بپوشانید، بگیرید. روی زمین بنشینید، سر خود را زیر میز محکم یا کنار دیوار داخلی بپوشانید و محکم بگیرید. تا زمین می‌لرزد بیرون ندوید.	In an earthquake: drop, cover, hold. Drop to the ground, cover your head under a strong table or by an inside wall, and hold on. Do not run out while the ground shakes.
floods-quakes.after-quake	بعد از لرزه به جای باز بروید. وقتی لرزه تمام شد، به جای باز و دور از دیوار، درخت و سیم برق بروید. منتظر لرزه‌های بعدی باشید.	After shaking, go to open ground. When the shaking stops, go to an open place away from walls, trees and power lines. Expect more shaking.
floods-quakes.flood	هنگام سیلاب به بلندی بروید. اگر آب بالا می‌آید یا از دره صدای غرش می‌شنوید، فوراً به جای بلند بروید. برای نجات اسباب منتظر نمانید.	In a flood, go high. If water is rising or you hear a roar from the valley, go to high ground at once. Do not wait to save your belongings.
floods-quakes.crossing	از آب سیلاب عبور نکنید. از آب روان پیاده، سواره یا با موتر عبور نکنید، حتی اگر کم‌عمق معلوم شود. بعد از باران اطفال را از دریا دور نگه دارید.	Never cross flood water. Do not walk, ride or drive through moving water, even if it looks shallow. After rain, keep children away from rivers.
floods-quakes.clean-water	بعد از سیلاب آب را پاک کنید. آب سیلاب اسهال را پخش می‌کند. آب نوشیدنی را بجوشانید، دست‌ها را با صابون بشویید و اگر طفل اسهال دارد «او آر اس» بدهید.	After a flood, make water safe. Flood water spreads diarrhoea. Boil drinking water, wash hands with soap, and give ORS if a child has diarrhoea.
floods-quakes.urgent	اگر کسی بعد از سیلاب یا زلزله این علایم را دارد، همین حالا به شفاخانه بروید، شب باشد یا روز:	Go to hospital now, day or night, if after a flood or earthquake someone:
floods-quakes.urgent.trapped	زیر دیوار یا سقف افتاده گیر مانده بود	was trapped under a fallen wall or roof
floods-quakes.urgent.bleeding	خونریزی شدید دارد	is bleeding heavily
floods-quakes.urgent.head	سرش ضربه خورده و استفراغ می‌کند یا خواب‌آلود است	hit their head and vomits or is sleepy
floods-quakes.urgent.breathing	به سختی نفس می‌کشد یا درد سینه دارد	has trouble breathing or chest pain
floods-quakes.urgent.limb	نمی‌تواند دست یا پا را حرکت دهد	cannot move an arm or leg
floods-quakes.urgent.water	از آب سیلاب بیرون کشیده شده است	was pulled out of flood water
floods-quakes.dont	این کارها را نکنید:	Do not:
floods-quakes.dont.house	دوباره به خانهٔ آسیب‌دیده داخل نشوید	go back into a damaged house
floods-quakes.dont.gas	اگر بوی گاز می‌آید، آتش یا گوگرد روشن نکنید	light a fire or match if you smell gas
floods-quakes.dont.play	نگذارید اطفال در آب سیلاب بازی کنند	let children play in flood water
floods-quakes.feelings	بعد از حادثه، ترس و بی‌خوابی عادی است. با هم صحبت کنید و صفحهٔ فشار روحی را ببینید.	After a disaster, fear and poor sleep are common. Talk together and see the Stress page.
